bay_id	lat	lon
567	-37.80825367414	144.971484850868
568	-37.8086975892471	144.971938913713
569	-37.8080633892074	144.971397142288
570	-37.8080151221337	144.971375042172
571	-37.808584210438	144.971887367299
573	-37.8085342546119	144.971864117348
574	-37.8084833685789	144.971840691091
575	-37.8084326860508	144.971817297546
576	-37.8083819576199	144.971793943697
577	-37.808331599821	144.97177073995
579	-37.8082812529151	144.971747541639
580	-37.8082304836055	144.971724149314
581	-37.8081797102188	144.971700755428
604	-37.8109846657938	144.972766358601
605	-37.8109334768381	144.972744464408
606	-37.810882285196	144.972722566196
607	-37.8108313085731	144.972700761036
609	-37.8107291582493	144.972657048585
610	-37.8102492521867	144.972406801372
623	-37.8090882836988	144.971871344679
624	-37.808951300617	144.972055561802
625	-37.8090375230668	144.971847853705
626	-37.8089870331234	144.971824432985
627	-37.8089005406614	144.972032174831
628	-37.8089365386428	144.971801319539
629	-37.8088864111522	144.971778092482
631	-37.8088497943303	144.97200883401
632	-37.8088357154452	144.971754714766
633	-37.8087849080028	144.971731269522
634	-37.8087990265634	144.971985549252
635	-37.8087350825426	144.971708289176
637	-37.8087483274348	144.97196222824
639	-37.8088965609683	144.971907927928
640	-37.8088730805952	144.971897138469
641	-37.8088492668681	144.971886195698
643	-37.8088020022636	144.971864476909
644	-37.8087784623792	144.971853660695
645	-37.8087548085108	144.971842791407
646	-37.8087310379072	144.971831869057
649	-37.8086601800454	144.971799320293
650	-37.8086367659653	144.971788587003
652	-37.8085440211786	144.971746072578
653	-37.8084995070477	144.971725667273
654	-37.8083226488282	144.971644414558
655	-37.8082781629996	144.971623831196
656	-37.8082561651401	144.971613628783
657	-37.8082328618676	144.971603141192
658	-37.8082093392435	144.971592262126
659	-37.808186243571	144.971581220198
660	-37.8081624016607	144.971570394805
661	-37.8081384856734	144.971559423631
662	-37.8081149171958	144.971548291015
663	-37.808091944618	144.971538144402
673	-37.8091888179715	144.97191773205
674	-37.8091384402319	144.97189445766
675	-37.8154463360107	144.971998599984
676	-37.8153951145484	144.971975007788
677	-37.8149106607765	144.971752780932
678	-37.8148558548155	144.97172733723
679	-37.8148033831453	144.971702877484
680	-37.8147535201408	144.971679604381
681	-37.8147058020079	144.971657404204
682	-37.8144388605509	144.971779266528
683	-37.8143881187553	144.971755770021
684	-37.8143373769751	144.971732272409
685	-37.8142866342606	144.971708774815
686	-37.8142358920021	144.971685277277
687	-37.8137089609657	144.971443039453
688	-37.8136573495213	144.971418966363
690	-37.8135617820847	144.971374629422
696	-37.8127951421383	144.970770586125
697	-37.8127444418539	144.970746947026
698	-37.8126937429261	144.970723307995
699	-37.8126430435437	144.970699668958
702	-37.8124909426298	144.970628749972
703	-37.8124402409884	144.970605109442
705	-37.8117457114189	144.970537391533
706	-37.8116032759673	144.970471052113
708	-37.8115603958366	144.970451117249
710	-37.8107602447693	144.97008763397
712	-37.8107116415979	144.970065272706
713	-37.8107104602163	144.969812771835
716	-37.8106060104635	144.969765067707
718	-37.8095790527543	144.969298008192
719	-37.8095282140284	144.969274707137
720	-37.8094774160968	144.969251406113
721	-37.8094393820617	144.969476615799
722	-37.8094266181514	144.969228105119
723	-37.8093779362621	144.969205792322
724	-37.8093890999736	144.969453493912
725	-37.8092866616562	144.969406212321
726	-37.8092353655063	144.969382459901
727	-37.8088530466274	144.969210484646
728	-37.8087996757869	144.969186099787
729	-37.8087464070401	144.969161707273
730	-37.8086930512685	144.969137259248
731	-37.8086396804145	144.96911287449
733	-37.8085330407912	144.969064089698
734	-37.8084797720219	144.969039689664
737	-37.8084264011499	144.96901530504
738	-37.8084865130405	144.968797089361
739	-37.8083731323717	144.968990905062
740	-37.8083197623914	144.968966520505
741	-37.815772942559	144.972270905326
742	-37.8157504374471	144.972260682858
743	-37.8157266076565	144.972249999529
744	-37.8157029277015	144.972239250828
745	-37.815621364479	144.972201337377
746	-37.8155985444232	144.972190775287
747	-37.8155757478272	144.972180075793
748	-37.8155529639495	144.972169361976
749	-37.8155301575113	144.972158661347
751	-37.8154564460866	144.972125069352
752	-37.8154335690182	144.972114622996
753	-37.8154106957285	144.972104191493
754	-37.8153348784236	144.972068779505
755	-37.8153120192301	144.97205828278
756	-37.8152891621312	144.972047829445
757	-37.8152664004024	144.972037285312
758	-37.8152434488316	144.972026792617
759	-37.8152205917302	144.972016301063
760	-37.815197733355	144.972005803208
763	-37.8147802797714	144.9718104006
764	-37.8147590337231	144.971800564469
765	-37.8147377881146	144.971790728886
766	-37.8147163612603	144.9717806052
767	-37.8146681685128	144.971758783349
769	-37.8145433369751	144.971700505661
770	-37.8145193541172	144.971689344872
771	-37.8144955279878	144.971678185114
772	-37.8144714738127	144.971667132705
773	-37.8144183763206	144.971642462055
774	-37.8143920710736	144.971630439638
775	-37.8143668191764	144.971618797989
776	-37.814342864848	144.971607817732
790	-37.8129631780847	144.970974250058
791	-37.8129369075711	144.970962305606
792	-37.8129106638535	144.970950364359
796	-37.8118526155873	144.970461360081
797	-37.8117937500954	144.970434449908
799	-37.8117425082208	144.97041102503
800	-37.8116832189757	144.970383921494
801	-37.8116569626549	144.970371919499
802	-37.8116315529183	144.970360303799
803	-37.8115735348527	144.970333781793
804	-37.8114642735728	144.970283834526
806	-37.8114130316715	144.970260410391
807	-37.8107829234391	144.96997298669
808	-37.8107578813091	144.969961629043
809	-37.8107324298072	144.969950153323
810	-37.8106755175953	144.969923874861
811	-37.8106499002644	144.969912184163
813	-37.8105674307784	144.969874123465
815	-37.8105148915979	144.969850205511
822	-37.8096095019539	144.969435683748
823	-37.8095798778761	144.969422062904
825	-37.8094740766329	144.969373417691
826	-37.809447838079	144.969361353419
827	-37.8093907055255	144.969335084649
828	-37.8093648898216	144.969323214954
829	-37.8093386512729	144.969311150704
830	-37.8092802487976	144.969284299455
831	-37.8092535869412	144.969272040667
833	-37.8089807906202	144.969146995265
834	-37.8089215457424	144.969119738541
835	-37.8088948859954	144.969107473574
836	-37.8088694957097	144.969095792311
840	-37.8087038221335	144.969019571259
842	-37.8086507138266	144.968995138468
843	-37.8085935854593	144.968968855356
844	-37.808568194711	144.968957174751
845	-37.8085428039813	144.96894549302
846	-37.808486098899	144.968919405108
847	-37.8084607086065	144.968907723968
848	-37.8084353174122	144.968896042824
850	-37.8093383752115	144.96942998121
857	-37.8144128511881	144.968714395084
858	-37.8143088854724	144.96866608962
862	-37.8141968751038	144.968863555741
864	-37.8141439511035	144.968839306043
865	-37.8140956837837	144.968817190439
866	-37.8140474160195	144.968795074874
867	-37.8139983747695	144.968772605108
868	-37.8134717713819	144.968530924545
869	-37.8134107772366	144.968503167018
870	-37.8133596919618	144.96847993094
873	-37.8123687804241	144.967773815418
874	-37.8124604274998	144.968064671792
875	-37.8123193054764	144.967751422259
876	-37.8122684212919	144.967728447865
877	-37.8122175426152	144.967705423704
878	-37.8121666626912	144.967682324564
881	-37.8116014780796	144.967423190723
883	-37.8114944359499	144.967373838114
884	-37.8114407102741	144.96734907583
886	-37.8113340828665	144.967299941516
887	-37.8112971656796	144.967533265108
888	-37.8112464107972	144.967509813665
910	-37.8144523277208	144.968854308899
911	-37.8144300714026	144.9688443057
912	-37.8144074458731	144.968834137158
913	-37.8143839638937	144.968823583142
914	-37.8143606367644	144.968813098737
916	-37.8142885256891	144.968780641193
917	-37.814263499737	144.968769393458
918	-37.8142397294038	144.968758710491
919	-37.8142159676857	144.968748031269
920	-37.8141922150623	144.968737354597
927	-37.8136455412187	144.968484234441
928	-37.8136235593662	144.968474143826
929	-37.8136011881914	144.968463926832
930	-37.8135538307596	144.968442717503
932	-37.8135074047105	144.968421597266
933	-37.813485010719	144.968411389447
934	-37.8134320612536	144.968386448538
940	-37.8132727652868	144.968313659813
941	-37.8132503254074	144.968303390463
942	-37.8132278864475	144.968293119996
943	-37.813204770296	144.968282582207
944	-37.8116458207446	144.967566856649
946	-37.8115705710895	144.967532344043
947	-37.8114746177479	144.967488900262
948	-37.8114254859246	144.967466288577
949	-37.8114017627735	144.967455473919
950	-37.8113780396218	144.967444659269
951	-37.8113534694346	144.967433458928
952	-37.8113301700185	144.967422837133
953	-37.811306870582	144.967412216492
954	-37.8112575098866	144.967389631627
956	-37.811210911027	144.967368388675
957	-37.8111871873981	144.967357574633
958	-37.8111638879759	144.967346952896
981	-37.8169138916591	144.964484282943
982	-37.8169151884315	144.964279593633
983	-37.8168627019105	144.964460771701
984	-37.816808953141	144.964436062002
985	-37.8167530877809	144.964410382387
1005	-37.8131043769357	144.962531104303
1006	-37.8130533797872	144.962507709394
1007	-37.8128536919076	144.962623755306
1009	-37.8128035892878	144.962600742461
1011	-37.8120766318592	144.962057056617
1012	-37.812020796448	144.962031203988
1013	-37.8119649557778	144.962005388593
1015	-37.8116809432104	144.962083788146
1057	-37.8184633486809	144.96241564996
1058	-37.8184125212478	144.962392437062
1067	-37.8182141719202	144.962175902791
1256	-37.8148747439697	144.955161869452
1260	-37.8139773545084	144.954746782732
1264	-37.8138551724101	144.954689971041
1265	-37.8139378325928	144.954474627514
1266	-37.8138045288919	144.954666292381
1268	-37.813753941771	144.954642672151
1270	-37.8137033540771	144.954619168333
1272	-37.813652611369	144.954595760122
1274	-37.8136016191082	144.954572248542
1275	-37.8133285647372	144.954193951232
1276	-37.8135550630492	144.954550772006
1277	-37.8132780594764	144.954170472605
1279	-37.8132275555723	144.954146978581
1280	-37.8131351202497	144.95435502985
1283	-37.8131292454894	144.954101230913
1285	-37.8130808767504	144.954078739502
1287	-37.8129573468829	144.95402114694
1291	-37.8128580262132	144.953974863002
1293	-37.8128072861115	144.9539512252
1297	-37.8190610235987	144.959634832236
1298	-37.8190100512801	144.959611090549
1300	-37.8189575604048	144.959586734811
1304	-37.8184560545028	144.95935770486
1305	-37.8184045206024	144.959334055269
1307	-37.818291995267	144.959282558618
1315	-37.8170760143034	144.958730444315
1398	-37.8186354379633	144.963742427285
1399	-37.818653972914	144.963678409058
1400	-37.8186725163408	144.963614416074
1407	-37.8158085501235	144.972730985252
1410	-37.8162626490232	144.971848052566
1411	-37.816281459662	144.9717841682
1412	-37.8163002707252	144.971720284384
1413	-37.8163190817528	144.971656400524
1414	-37.816337892735	144.971592516078
1415	-37.8163567032409	144.971528632156
1416	-37.8163759840976	144.971463151212
1417	-37.8163986363181	144.971386221528
1419	-37.8164241890793	144.971299439538
1427	-37.8185587774193	144.963321119566
1428	-37.8185774270495	144.96325715836
1429	-37.8185960739318	144.963193196544
1454	-37.8144451430688	144.973973976817
1458	-37.8146530613485	144.973061431815
1470	-37.8167130508085	144.966235405019
1471	-37.8167541660727	144.966093102657
1472	-37.8167752521678	144.966022014057
1473	-37.8173560104678	144.964028183858
1474	-37.8173743907212	144.963964113693
1475	-37.8173926311794	144.963899940057
1495	-37.8188174912883	144.959280180719
1496	-37.8188367587031	144.959214118321
1497	-37.8188561130219	144.959147911386
1501	-37.8190086018438	144.958261534799
1503	-37.8192915871902	144.957646928333
1504	-37.8193104025115	144.95758243964
1528	-37.8137206588527	144.972302640238
1530	-37.8137400430766	144.972235902124
1531	-37.8139541601139	144.972059867961
1532	-37.81375871902	144.972171764656
1535	-37.813994871232	144.971921463921
1536	-37.8137959572586	144.97204452248
1537	-37.8138148940242	144.971980045908
1538	-37.8142409264922	144.971088821016
1539	-37.8144263954724	144.969907101145
1540	-37.8144453640964	144.96984329199
1541	-37.8144648098344	144.969777886918
1542	-37.8144848713038	144.969710350975
1543	-37.814503443495	144.969647954636
1544	-37.814546857047	144.969499930649
1545	-37.814568892974	144.969424277076
1647	-37.8124505214299	144.973155141031
1648	-37.8124694774765	144.973090238412
1652	-37.8127513250016	144.972125738053
1653	-37.8127684459131	144.972067141431
1654	-37.81280124675	144.971954377432
1655	-37.8128199271902	144.971890435491
1657	-37.8128656811105	144.971733858928
1658	-37.8128840549329	144.971670985077
1659	-37.8129028936706	144.971606511061
1728	-37.8117126884781	144.971545848551
1729	-37.8117310378866	144.97148422841
1730	-37.811887773315	144.971503779125
1731	-37.8117490493211	144.971423708248
1732	-37.8119049138685	144.971445181991
1733	-37.8117666586124	144.971364338416
1734	-37.8119226777812	144.971384445823
1735	-37.8118082831892	144.971222776198
1736	-37.8119410646295	144.971321578061
1738	-37.8119594514238	144.971258711405
1739	-37.8118446750194	144.971098675034
1741	-37.8119034674026	144.970898494058
1744	-37.8122656011792	144.970216968069
1745	-37.8122837293122	144.970152774967
1747	-37.8123199850101	144.970024387537
1748	-37.8123384067075	144.969960350958
1749	-37.8123574952775	144.969896726335
1750	-37.8123766338618	144.969832999499
1751	-37.8123957719506	144.969769273791
1752	-37.8124149104541	144.969705547495
1753	-37.8121937755582	144.969907828511
1755	-37.8122148278623	144.969836213889
1827	-37.810948116692	144.970706394889
1828	-37.8104581945433	144.972375696811
1829	-37.810477895246	144.972307227825
1830	-37.8108195654394	144.970977372023
1834	-37.8109660029897	144.970644159768
1835	-37.8109844183705	144.970580100706
1836	-37.8110023069016	144.970517931822
1890	-37.818138205355	144.96278161186
1891	-37.8180898935798	144.962759786932
1919	-37.8190170921766	144.96083415662
1920	-37.8189638355997	144.960809973418
1922	-37.8186748292087	144.960927464194
1951	-37.8086872931927	144.970647029054
1952	-37.8087483838611	144.970616274355
1954	-37.808785748143	144.970487150406
1955	-37.8088213601012	144.970365042337
1956	-37.8088382975781	144.970306301382
1957	-37.8089373451519	144.969964877497
1958	-37.8088955396991	144.969929852864
1959	-37.8089565330432	144.969899123218
1961	-37.8089758017606	144.969833036601
1964	-37.8089512838793	144.969737613396
1965	-37.809012709365	144.96970646445
1966	-37.8089698436709	144.969673614798
1967	-37.8089883957604	144.969609643073
1978	-37.8099402114125	144.966355081695
1979	-37.809958781983	144.966291320906
1980	-37.8099774828667	144.966227670284
1981	-37.8099960045878	144.966163772768
1983	-37.8100338937255	144.966034240038
1984	-37.810053594579	144.965966912894
1988	-37.8101483587337	144.96564175103
1990	-37.8101677069429	144.965575689323
1992	-37.8101870496124	144.965509596621
1994	-37.8102063936133	144.965443500084
2097	-37.8077966431691	144.970212534865
2098	-37.8078152369797	144.970148881521
2099	-37.8078340524451	144.970084487778
2100	-37.807929708596	144.969757131761
2101	-37.807946442347	144.969699842684
2130	-37.8091508141917	144.965578245516
2143	-37.8100043934075	144.962670189891
2145	-37.8100417668816	144.962542317422
2146	-37.8100604512837	144.962478380086
2153	-37.8105443786593	144.960831390561
2230	-37.8120493166707	144.955142352685
2235	-37.812103818146	144.954949759001
2237	-37.8121401560854	144.954821427737
2238	-37.8121582157551	144.954757303145
2240	-37.8121764915996	144.954693087978
2242	-37.812194570731	144.954628952506
2244	-37.8122128265	144.954564743151
2246	-37.8122309187384	144.954500601193
2247	-37.812249160816	144.954436403583
2248	-37.8122672779797	144.954372251979
2249	-37.8122854968192	144.954308063401
2250	-37.8123036347761	144.954243901498
2251	-37.8123217648013	144.95417995459
2252	-37.8126186291743	144.953621601897
2255	-37.8126718212313	144.953433423428
2262	-37.8127449750868	144.953174613344
2287	-37.8096722821414	144.970834142444
2288	-37.8096965551696	144.97074848371
2289	-37.8097170899635	144.970678862341
2290	-37.809737084182	144.970611095346
2292	-37.8097759700108	144.970479215594
2293	-37.8097954534028	144.970413220722
2294	-37.8098146514551	144.970347317976
2297	-37.8104679514342	144.96879189632
2299	-37.8103036623336	144.968681440637
2300	-37.8103282314002	144.968597719821
2301	-37.8103468835205	144.968534232557
2302	-37.8103969824849	144.968363296714
2305	-37.8105815868242	144.968404871673
2306	-37.8106376393014	144.968214768359
2307	-37.8106564075544	144.968150885362
2308	-37.8104822888664	144.968073146551
2309	-37.810675213564	144.968087023942
2310	-37.810694217992	144.968022662017
2311	-37.810503489789	144.968001263919
2312	-37.810713452139	144.967957770858
2313	-37.8107326912424	144.967892827739
2314	-37.8107519275873	144.967827882279
2315	-37.8105556049436	144.967823699744
2316	-37.8107711634254	144.967762988322
2318	-37.8108096450169	144.967633211193
2321	-37.8108676583406	144.96676222197
2322	-37.8108887374072	144.96669066831
2323	-37.810907523741	144.966626821224
2324	-37.8109324876665	144.966542271474
2325	-37.8111698947865	144.966377942474
2326	-37.8111887312552	144.966314069523
2327	-37.8112073878205	144.966250840509
2328	-37.8112266003791	144.966185885159
2408	-37.8095437581689	144.971611255145
2409	-37.8095513861522	144.971585199532
2410	-37.8095585438736	144.971560749247
2411	-37.8095773812102	144.971496404827
2412	-37.8095847653109	144.971471181057
2413	-37.8095917302629	144.971447392031
2414	-37.8095990437368	144.971422410435
2415	-37.8096179060715	144.97135797949
2417	-37.8096326686937	144.971307733425
2418	-37.8096400238485	144.971282429478
2419	-37.8096589103474	144.971218187178
2420	-37.8096673355045	144.971188926481
2421	-37.8096758948948	144.971159909861
2422	-37.8096843132132	144.971131143231
2447	-37.810243112896	144.969210692294
2448	-37.8102519177842	144.969180565277
2449	-37.8102605784755	144.969150932932
2450	-37.8102694093033	144.969120717171
2451	-37.8102781852263	144.969090688624
2452	-37.8102864437779	144.969062430318
2454	-37.810312317894	144.968975671014
2456	-37.8103295358511	144.968916816655
2457	-37.8103381521711	144.968887232331
2458	-37.8103468710607	144.968857501453
2459	-37.8103553865409	144.968828313316
2460	-37.810364287884	144.968797854714
2473	-37.8105317494518	144.968225582779
2474	-37.8105407813674	144.968194683172
2479	-37.8105823340615	144.968052576372
2480	-37.8106316807788	144.967886049
2481	-37.8106397904927	144.967858284503
2483	-37.8106659893314	144.967765957582
2484	-37.8106740173744	144.967738487379
2490	-37.8123843921604	144.961950488753
2627	-37.810594402849	144.967691662405
2628	-37.8105712274201	144.967770438425
2630	-37.8045890788931	144.947727587994
2631	-37.8037954630668	144.948101639909
2632	-37.8037434266973	144.948110700766
2633	-37.8034736263808	144.94792561151
2637	-37.8036834716033	144.947886743797
2639	-37.80357687675	144.947906450895
2641	-37.8033626516759	144.947944235303
2642	-37.8033618942554	144.948178476506
2643	-37.8033102367122	144.947953521919
2644	-37.8033077971092	144.948188158735
2646	-37.803251489583	144.948198265853
2647	-37.8032043159316	144.94797216602
2648	-37.8031915171155	144.948209001216
2649	-37.8031392557621	144.948218385501
2651	-37.8048722721846	144.949207852519
2652	-37.8048179331024	144.949217726514
2653	-37.8047626983818	144.94922777134
2654	-37.8047081787315	144.949237686195
2655	-37.8046539290208	144.949247549477
2657	-37.8045914744954	144.949447636224
2658	-37.8045218795316	144.949459816281
2659	-37.8044705731889	144.949468830848
2661	-37.8044165465176	144.949478310423
2662	-37.804350644989	144.949299231006
2663	-37.8043582213177	144.949488538587
2664	-37.8042971083028	144.949308664788
2665	-37.8042462483357	144.949317626981
2667	-37.8041589792818	144.949523021068
2669	-37.8041045144768	144.949532613368
2670	-37.8040942846737	144.94934440011
2671	-37.8040527480692	144.949541744099
2672	-37.8040405214137	144.949353848587
2673	-37.8040018351605	144.949550713235
2674	-37.8039865386566	144.949363364456
2675	-37.8039488918228	144.949560046036
2677	-37.8038968513961	144.949569219826
2678	-37.803879688972	144.949382197542
2679	-37.8038457686777	144.949578218592
2680	-37.8038268215942	144.9493915099
2681	-37.8037924605732	144.949587616696
2682	-37.8037754266159	144.949400563691
2684	-37.8037209724794	144.949410154739
2685	-37.8036858149116	144.949606408277
2686	-37.8036643769887	144.949420151035
2687	-37.8036326022215	144.949615801637
2688	-37.8036096348628	144.949429765118
2690	-37.8035552055213	144.949439393626
2691	-37.8035287819661	144.949634067707
2694	-37.8030038615815	144.944032431004
2696	-37.8030469312854	144.944024759089
2698	-37.8030892948544	144.944017111255
2700	-37.8031929643591	144.943999137726
2706	-37.803428592843	144.943957105975
2714	-37.8078228130884	144.960107707345
2715	-37.8077720075739	144.96008443325
2717	-37.8079227349769	144.960153443578
2718	-37.8078729309613	144.960130736653
2726	-37.8097761963842	144.961002694663
2727	-37.8097255577927	144.960978859444
2731	-37.8089603385754	144.960841699544
2732	-37.808914314432	144.960820236298
2734	-37.8087240836314	144.960731145222
2735	-37.8086732641025	144.960707368122
2736	-37.8086227193948	144.960683718178
2738	-37.8086720630931	144.966082501916
2745	-37.80815455216	144.966094570264
2747	-37.8080399984094	144.966042095976
2748	-37.8079891892026	144.966018830259
2749	-37.8079392708233	144.965995964328
2750	-37.8075592755253	144.965895027082
2751	-37.8075090830417	144.965901510036
2752	-37.807455307295	144.96590846559
2753	-37.8074015320955	144.965915415468
2754	-37.8073508926033	144.965921960655
2896	-37.8096689399978	144.958390773487
2897	-37.8096227710542	144.95836969663
2898	-37.8095708793934	144.958346106697
2899	-37.8095198037483	144.958323049223
2900	-37.8094735769882	144.95830209015
2901	-37.8086561956267	144.957675704092
2902	-37.8086316929743	144.957680035037
2903	-37.8086083088549	144.957684167558
2904	-37.8086195428474	144.957972341354
2905	-37.8085867893982	144.957687970424
2906	-37.8085663911768	144.957691576053
2907	-37.8085459942302	144.957695181011
2908	-37.8085242487772	144.957699050336
2909	-37.8085024818139	144.957703097382
2910	-37.808479593878	144.957707141231
2911	-37.8083706597524	144.958015725077
2912	-37.8084557163599	144.957711352812
2913	-37.8084317094591	144.957715585843
2914	-37.8083196040447	144.958024790038
2915	-37.8084068320002	144.95771997363
2918	-37.8083570761705	144.957728747492
2919	-37.8083330683676	144.957732981215
2921	-37.8083088121581	144.95773725872
2922	-37.8082844319604	144.957741558391
2924	-37.8082600517723	144.957745857479
2925	-37.8082355466952	144.957750178733
2927	-37.8082104199067	144.957754610279
2928	-37.8081861641557	144.957758887188
2929	-37.8081619079344	144.957763165228
2930	-37.8081375335895	144.957767473761
2932	-37.8078968934704	144.958099559113
2934	-37.8078452977567	144.958108732739
2936	-37.8077942855502	144.958117763676
3000	-37.8052874575722	144.958128447906
3001	-37.8052655140292	144.95811795169
3002	-37.8051641553828	144.958071845866
3004	-37.8051229267846	144.958052525006
3005	-37.8050896815074	144.958037438237
3006	-37.8050670090527	144.958027069445
3007	-37.8050443288522	144.95801660851
3008	-37.8049573861915	144.957976801863
3009	-37.8048514038259	144.957927788159
3010	-37.8047886926202	144.957899091111
3011	-37.8046823738843	144.95784863451
3012	-37.8046601828535	144.957838323254
3013	-37.8046375916569	144.957827994352
3014	-37.8045415810683	144.957785483135
3015	-37.8044767563138	144.957756389404
3016	-37.8044552239107	144.95774694686
3018	-37.8044120307609	144.957727465781
3019	-37.804378178843	144.95771205438
3020	-37.8043562615326	144.957702355467
3023	-37.804292539726	144.957673185918
3025	-37.8035904950043	144.957221806424
3027	-37.8033635430581	144.95711639661
3028	-37.8033162016654	144.95709440293
3030	-37.8031450431741	144.957139372455
3031	-37.8031597115476	144.957020800979
3032	-37.8031215406357	144.957128419814
3033	-37.8031124997133	144.95699835578
3034	-37.8030426634852	144.957091700453
3037	-37.8029737255329	144.957059689914
3038	-37.8030029402275	144.956946705628
3039	-37.8029508269325	144.957049058003
3040	-37.8029547334781	144.956924389579
3041	-37.8029280382471	144.957038476501
3044	-37.802853245698	144.9568774084
3045	-37.8028148770263	144.956985932402
3046	-37.8028054618286	144.95685528864
3047	-37.802792758798	144.956975661846
3048	-37.8027703067184	144.956965237426
3049	-37.8027480413169	144.956954898816
3050	-37.8027257191355	144.956944533913
3051	-37.8027033083821	144.956934128273
3076	-37.8055803112434	144.957118155664
3081	-37.8054139609035	144.957147447545
3085	-37.8053274624646	144.957288740081
3086	-37.8053053192039	144.957292993812
3087	-37.8052830771661	144.95729722977
3089	-37.80523891045	144.957305867452
3090	-37.8052144809967	144.957310641422
3091	-37.8051899835464	144.957315442898
3092	-37.8051676155113	144.957319804865
3095	-37.80510084909	144.957332876956
3096	-37.8050785050219	144.957337201692
3098	-37.8050338200103	144.957346057052
3100	-37.8049328081475	144.957366043353
3102	-37.8049072625429	144.957371001709
3103	-37.8048289299579	144.957254100496
3104	-37.8048824876409	144.957375819392
3107	-37.8048192276067	144.957387987351
3108	-37.804663247208	144.957285782065
3109	-37.8047967261499	144.957392268968
3110	-37.8046080193207	144.957296342545
3111	-37.8047735640256	144.957396684958
3112	-37.8045527918819	144.95730690244
3113	-37.8046809141937	144.957414340674
3114	-37.8044975644314	144.957317462884
3115	-37.8046577008926	144.957418748022
3116	-37.8046348232124	144.957423128432
3117	-37.8046123214306	144.957427421229
3118	-37.804590055885	144.957431682852
3119	-37.8045677301565	144.957435923355
3121	-37.8045234452085	144.957444392225
3122	-37.8045014792432	144.957448586619
3123	-37.8044794590385	144.957452780857
3124	-37.8044573991219	144.957457008063
3125	-37.8044346023387	144.957461325668
3156	-37.8102918145089	144.955616316036
3161	-37.810139380104	144.955546543996
3171	-37.8054811063855	144.956224985616
3175	-37.8053675166623	144.956244907495
3176	-37.8053108181468	144.956254808557
3177	-37.8055377692135	144.956215027894
3181	-37.8028933458529	144.956685628752
3182	-37.8028414712352	144.956695008673
3194	-37.8080800445823	144.95485497778
3203	-37.8074762050202	144.954578457863
3206	-37.8074266568232	144.954555837691
3207	-37.8073709847213	144.954530364101
3208	-37.8073150067926	144.954504702258
3209	-37.8072579837082	144.95447866624
3212	-37.8070307878312	144.954374890158
3213	-37.8069790979778	144.954351236615
3215	-37.8068712094536	144.954302139317
3216	-37.8068231418797	144.954280257584
3217	-37.8067736941631	144.954257776706
3218	-37.8067237327723	144.954235047941
3219	-37.8066740039306	144.954212425172
3220	-37.8066245648581	144.954189895078
3223	-37.8064401963893	144.954105632143
3226	-37.8062368771368	144.954012886769
3227	-37.806186788252	144.953990015956
3228	-37.8061385511519	144.953968010522
3229	-37.8060872004843	144.953944570274
3231	-37.8058907395761	144.953855499421
3251	-37.8071062933522	144.953460886111
3252	-37.8070834098104	144.953465051399
3253	-37.8070602188193	144.953469216734
3254	-37.8070271286796	144.953340353238
3255	-37.8070370282683	144.953473382634
3256	-37.8069735832327	144.953349966286
3257	-37.8070138377269	144.953477571487
3259	-37.8069905151114	144.953481713857
3261	-37.8069674566333	144.953485879193
3263	-37.8069210755385	144.953494210399
3264	-37.8068978849857	144.953498376281
3265	-37.8068746939921	144.953502532141
3267	-37.806784135951	144.95351785207
3268	-37.8067608816899	144.95352194149
3269	-37.8067376830575	144.953526033758
3271	-37.8067144844742	144.953530125455
3273	-37.8066912854204	144.953534217124
3274	-37.8065479058099	144.953424481118
3275	-37.8066680872769	144.953538308236
3276	-37.8064943894909	144.953433998926
3277	-37.8066448859904	144.953542400492
3278	-37.8066216891876	144.953546491622
3279	-37.8065984896823	144.953550583292
3281	-37.8065520920415	144.953558766649
3282	-37.8065288781826	144.953562848291
3283	-37.8065017337321	144.953567638181
3284	-37.8064705602948	144.953573145895
3285	-37.8064391662868	144.953578246459
3348	-37.8064844039073	144.952146429689
3350	-37.8063821111497	144.952164741822
3356	-37.8061141866633	144.952212616724
3360	-37.8060667859331	144.951984373738
3364	-37.8042641506009	144.943140652496
3365	-37.8042126452354	144.943149492625
3366	-37.8041616949371	144.943158608334
3367	-37.8041115725158	144.943167509782
3368	-37.8040603181278	144.943176678864
3371	-37.8066522349164	144.951141482802
3374	-37.8065867991488	144.951111855058
3375	-37.8065656135546	144.951102236952
3376	-37.8065444106876	144.951092635389
3380	-37.8063491348598	144.951003924894
3381	-37.806327967486	144.950994299026
3382	-37.8063067778359	144.950984602318
3384	-37.8062644871299	144.950965134864
3385	-37.8062201476353	144.950945234604
3386	-37.8061989861139	144.950935560675
3387	-37.8061778100318	144.950925919051
3388	-37.8061566264942	144.950916298302
3389	-37.8061124357231	144.950896144861
3391	-37.8060701371426	144.950876805516
3393	-37.8060050580372	144.950847097645
3394	-37.8059838895062	144.950837410876
3395	-37.8059627164213	144.950827727357
3397	-37.8058952073043	144.950797219631
3398	-37.8058740104101	144.950787567125
3400	-37.8058528726225	144.95077786807
3401	-37.8058317037506	144.950768320702
3403	-37.8075851351103	144.966371321755
3404	-37.8076803839139	144.966405046113
3405	-37.8076046700095	144.966304849311
3408	-37.8077088537885	144.966308321709
3410	-37.8077215785582	144.966265230075
3414	-37.8077434105887	144.966190752682
3416	-37.8077532063128	144.966157642563
3418	-37.8077628294102	144.966125103961
3471	-37.8078425727155	144.961880448142
3473	-37.8078804516156	144.961749337884
3476	-37.8078202726774	144.961267498372
3477	-37.8078381642898	144.96120669238
3489	-37.8083389222564	144.960174476195
3490	-37.8083556897334	144.960115772946
3491	-37.808372609346	144.960057056718
3492	-37.8082229630764	144.959886610534
3493	-37.8082412730536	144.959823225119
3494	-37.8082598413809	144.959758939706
3495	-37.8082782564122	144.959695194186
3496	-37.8082965011728	144.959632031321
3500	-37.8083357858024	144.959496064811
3506	-37.8087786005965	144.958649425348
3508	-37.8088006235224	144.958573373264
3509	-37.8088196900681	144.958507794158
3510	-37.808619975255	144.958510535927
3511	-37.8088396755047	144.95843901579
3512	-37.8088608478039	144.958366111903
3513	-37.8086389964546	144.958444992576
3514	-37.8088830228915	144.95828361592
3515	-37.8086588045856	144.958376736069
3516	-37.8086789231118	144.958307451882
3526	-37.8073750294117	144.959188385774
3527	-37.8073945970534	144.95912111952
3528	-37.8074131593681	144.959057314804
3529	-37.8074317216375	144.958993509489
3530	-37.8074554655495	144.958911892288
3531	-37.8074738733918	144.958848618777
3532	-37.8074941544046	144.958778965179
3533	-37.8075135500199	144.958712175243
3534	-37.8075313385686	144.958651088605
3535	-37.8075676159653	144.958524595259
3537	-37.8076048172858	144.958396719009
3538	-37.8076233791869	144.958332913377
3539	-37.8076419329875	144.958269107716
3541	-37.8085582491499	144.954490496987
3542	-37.8085759492917	144.954428989799
3543	-37.8087307953435	144.954417130631
3544	-37.8085944074557	144.954364848642
3545	-37.8087479637595	144.954357426223
3546	-37.8086122750638	144.954302035595
3547	-37.8087662177932	144.954293965302
3548	-37.8087858185925	144.954225783636
3549	-37.8088051007148	144.954158721143
3550	-37.8088248688981	144.954089971541
3551	-37.808844568624	144.954021456042
3552	-37.8088639372948	144.953954094038
3553	-37.8087376860828	144.953869998542
3554	-37.8088832825562	144.953886813291
3555	-37.8089029405389	144.953818443117
3556	-37.8087937680656	144.953677150582
3557	-37.8089228818528	144.95374908766
3558	-37.8088126035591	144.953611382359
3560	-37.8088322861115	144.953542701978
3562	-37.8088521750717	144.953473297405
3563	-37.8089818918761	144.953543851388
3565	-37.8090015381747	144.953475522814
3566	-37.8090208066271	144.953408504019
3567	-37.8090404715949	144.953340113016
3568	-37.808931035063	144.953198110017
3570	-37.8089501400458	144.953131442207
3571	-37.8090799435629	144.953202825867
3572	-37.8090992628899	144.953135589976
3573	-37.8082985721603	144.953345140134
3574	-37.8082029736561	144.953267599933
3575	-37.808314705424	144.953289194518
3580	-37.808402507551	144.952984727851
3583	-37.8084589403858	144.952789036692
3585	-37.8085010764647	144.952642936396
3586	-37.8085164534188	144.952589614792
3588	-37.8084543833189	144.952395789912
3591	-37.8056366784245	144.949241926934
3592	-37.8056831983932	144.949364675499
3593	-37.8056004541023	144.949229912682
3594	-37.8055645772432	144.949224672177
3596	-37.805528450385	144.949224605925
3598	-37.8054905709221	144.949229038501
3599	-37.8054291484978	144.949322009917
3600	-37.8054540250653	144.949234933739
3601	-37.805378105062	144.949331232035
3602	-37.805418516817	144.949240714359
3604	-37.8059646660956	144.958908886909
3606	-37.8059835478737	144.958844619254
3615	-37.8059323978607	144.955617866224
3617	-37.8059256716833	144.955557243624
3618	-37.8056669406292	144.954893286389
3619	-37.8059183338605	144.955490822609
3620	-37.8056593810027	144.954826317798
3622	-37.8056518213384	144.954759349222
3623	-37.8056443264619	144.954692128139
3624	-37.8058444019832	144.954820461173
3625	-37.805636720556	144.954624610301
3626	-37.8058367937787	144.954752996839
3628	-37.8058291849574	144.954685539929
3629	-37.805621568294	144.954490387604
3630	-37.8058215766567	144.954618092659
3631	-37.8056067443951	144.954357762757
3632	-37.8055993894373	144.954293099286
3633	-37.805591744547	144.954225642303
3634	-37.8058057223721	144.954477568901
3635	-37.8055841713032	144.9541579504
3636	-37.8055761529542	144.954086665982
3637	-37.8055677113762	144.954012038702
3638	-37.8052352488636	144.951038930451
3640	-37.8053523154712	144.95041134474
3642	-37.8053451528909	144.950347357292
3661	-37.8049876365649	144.948753723562
3665	-37.8049813412123	144.94869750252
3669	-37.8049750974972	144.948641279674
3671	-37.8049719421611	144.948613168532
3673	-37.8049688034327	144.948585057406
3675	-37.804964155393	144.94854345869
3676	-37.8049610018254	144.948515349104
3678	-37.8049578217387	144.948487241779
3682	-37.804951497075	144.948431030418
3684	-37.804948334513	144.948402925303
3688	-37.8049970275121	144.957079924492
3690	-37.8049924259982	144.957039226903
3694	-37.8049784678983	144.956914516136
3696	-37.8049548745999	144.956700638068
3699	-37.8049275613838	144.956521382512
3700	-37.8040718540168	144.957955081518
3701	-37.8038647965563	144.957725846083
3702	-37.8040647535944	144.957890407294
3703	-37.8038576481727	144.957660638653
3704	-37.803795415664	144.957112633867
3705	-37.8039705791177	144.957040895711
3706	-37.8037886835662	144.957051997539
3707	-37.8039623300036	144.956968207558
3708	-37.8037816868017	144.956989012181
3709	-37.8039541703158	144.956897062941
3710	-37.8037741199741	144.956920747211
3711	-37.8039461866617	144.956825681305
3713	-37.8037507770166	144.95671012371
3717	-37.8033599057234	144.953225238761
3719	-37.8033264017554	144.952904108907
3720	-37.8035218105371	144.952978761207
3721	-37.8032479182616	144.952209791086
3722	-37.8032751563343	144.950782789132
3723	-37.8032676789791	144.950713744413
3724	-37.8032540162014	144.950588344975
3725	-37.8032474589864	144.95052815099
3727	-37.8025407650334	144.945821812212
3730	-37.8024311243321	144.944824814718
3765	-37.8085394355511	144.957808203476
3766	-37.8084875167223	144.957817151625
3768	-37.8083804736938	144.957835596783
3769	-37.8083268737497	144.957844838515
3770	-37.8082733209356	144.957854167813
3771	-37.8082200493445	144.957863447964
3772	-37.8081667525998	144.957872731508
3857	-37.8072907547899	144.954897278809
3858	-37.8072654503916	144.954901808801
3859	-37.8072410232429	144.954906174773
3860	-37.8072148168433	144.954910859048
3861	-37.8071891899147	144.95491544536
3862	-37.8071414301175	144.954924068129
3864	-37.807091068791	144.954933146833
3866	-37.8070383698589	144.954942569892
3867	-37.8069915685774	144.954950755964
3868	-37.806965699526	144.954955383295
3869	-37.8069407221165	144.954959847879
3870	-37.8069157456074	144.954964311905
3871	-37.8068912717334	144.954968685947
3872	-37.8068669249989	144.954973041814
3873	-37.8068193235048	144.954981608612
3874	-37.8067938636555	144.95498609482
3875	-37.8067684060577	144.954990644766
3876	-37.8067426775949	144.954995243084
3877	-37.8067167618194	144.954999874962
3878	-37.8066676591308	144.95500864719
3879	-37.8066424557615	144.955013156575
3880	-37.8066175210441	144.955017611988
3882	-37.8065673097227	144.955026586815
3883	-37.8065420722321	144.955031097152
3884	-37.8064961547579	144.955039304391
3885	-37.8064706823329	144.955043856976
3886	-37.8064450194525	144.955048443221
3887	-37.806420036641	144.955052909032
3888	-37.80639421251	144.955057545219
3889	-37.8063450347677	144.955066309004
3890	-37.8063195466268	144.955070868931
3891	-37.8062945984034	144.955075327536
3892	-37.8062698693896	144.95507974714
3893	-37.8062441472148	144.955084349303
3894	-37.8061403466223	144.955102896672
3895	-37.8061167289092	144.955107116941
3896	-37.806092441005	144.955111457919
3897	-37.8060670373135	144.955116004495
3898	-37.8054705485525	144.955218259289
3899	-37.8054482505183	144.955222267602
3900	-37.8054259520333	144.955226275887
3906	-37.8052017220187	144.955266582303
3907	-37.8051771937768	144.95527099168
3908	-37.805152665985	144.955275401065
3909	-37.8051281377325	144.95527980988
3910	-37.8050787308627	144.955288690546
3911	-37.8050542026191	144.955293099919
3912	-37.8050296743751	144.955297509288
3914	-37.8048782789289	144.955324723153
3915	-37.8048519669553	144.955329452586
3917	-37.8047993425665	144.95533891202
3919	-37.8047467186264	144.955348371426
3921	-37.8046725054357	144.955361711005
3922	-37.8046484232332	144.955366039872
3923	-37.8046243410206	144.955370368737
3924	-37.8044955481332	144.95539354523
3925	-37.8044701282477	144.955398114856
3926	-37.8044447079114	144.955402684479
3928	-37.8043938676784	144.955411823688
3929	-37.8043684478013	144.9554163933
3930	-37.8043428046604	144.955421003127
3931	-37.8042350534584	144.955440372328
3932	-37.8042100796062	144.955444862024
3933	-37.8041851053132	144.955449351149
3934	-37.8041601314505	144.955453840296
3935	-37.8041351571469	144.955458329414
3936	-37.8041101828528	144.955462818528
3937	-37.8040852089989	144.955467308232
3938	-37.8040602342537	144.95547179734
3939	-37.8040103817766	144.955480758722
3940	-37.8039854079213	144.9554852484
3941	-37.8039595419912	144.955489897823
3942	-37.8039327839665	144.955494707572
3943	-37.8053628425862	144.953737220727
3944	-37.8053367700698	144.953741894293
3945	-37.8053106939204	144.953746534945
3946	-37.8052857061709	144.953750998667
3947	-37.8052621324729	144.953755218442
3950	-37.8051912564035	144.953767872181
3951	-37.8051675735303	144.953772105024
3952	-37.8051439357136	144.953776310374
3954	-37.8050966711119	144.953784748456
3956	-37.8050493626255	144.953793188564
3959	-37.8049778749656	144.953805949903
3960	-37.8049547029459	144.953810070708
3961	-37.8048858555718	144.953822446806
3965	-37.8047286668015	144.953850533692
3966	-37.8047046282336	144.953854825378
3968	-37.8046555633327	144.953863619249
3969	-37.8046311128675	144.953867975077
3970	-37.804555809483	144.953881684019
3974	-37.8044571710108	144.95389918648
3975	-37.8044328184247	144.953903507195
3976	-37.8043459214958	144.95391903137
3977	-37.8043224686559	144.953923148238
3978	-37.8042983436044	144.953927434373
3979	-37.8042743133903	144.953931708999
3981	-37.8042242778502	144.953940561946
3982	-37.8041993218842	144.953945000685
3983	-37.8041744476192	144.953949389047
3984	-37.8041498255555	144.953953855336
3986	-37.8041002336053	144.953962664895
3987	-37.8040753970715	144.953967100961
3988	-37.8040506292668	144.953971512787
3989	-37.8040262217231	144.953975853403
3992	-37.8039515513085	144.953989155483
3993	-37.8039268432437	144.953993574037
3994	-37.8039020561202	144.953998010068
3995	-37.80387723845	144.954002412543
3996	-37.8038525407131	144.954006818992
3997	-37.8038276659928	144.954011222004
3998	-37.8038030464326	144.954015658829
3999	-37.8037780447659	144.95402017467
4000	-37.806192927601	144.952080342124
4001	-37.8061697366074	144.952084505002
4002	-37.8061465456136	144.952088668444
4003	-37.8061233546293	144.952092831316
4005	-37.8060500920483	144.95210596139
4006	-37.806027023238	144.95211012425
4007	-37.8060038327024	144.952114287094
4008	-37.8059806417064	144.952118450515
4009	-37.8059578850739	144.952122521354
4010	-37.8059073355124	144.952131579965
4011	-37.8058843103072	144.952135743374
4012	-37.8058611193095	144.952139906213
4013	-37.8058379283115	144.952144069604
4014	-37.8057341332474	144.952162669931
4015	-37.8057112732868	144.952166805902
4017	-37.8051884150243	144.952256461474
4018	-37.8051653855528	144.952260592229
4019	-37.8051422384095	144.952264762853
4020	-37.8051189574006	144.952268958752
4021	-37.8050957859958	144.952273134583
4023	-37.8050496013015	144.952281457449
4025	-37.8050030262597	144.952289850729
4027	-37.8049566304411	144.952298198986
4029	-37.8048499135407	144.95231726779
4030	-37.8048269127233	144.952321408658
4031	-37.804803480214	144.952325546014
4032	-37.8047799502402	144.952329727167
4033	-37.8047565729778	144.952333881369
4035	-37.8047098220651	144.952342188568
4036	-37.8046859282268	144.952346434277
4037	-37.8046625419756	144.95235059042
4038	-37.8046374865261	144.952355041998
4039	-37.8046109293829	144.952359761051
4040	-37.8045859246666	144.952364204975
4041	-37.8045623214669	144.952368364627
4042	-37.8045392186581	144.952372538348
4043	-37.8045161001453	144.952376611903
4046	-37.8043859523741	144.952399189662
4047	-37.8043625602936	144.952403346545
4048	-37.8043391214927	144.952407457737
4049	-37.8043156620237	144.952411673746
4050	-37.8042924114343	144.952415805083
4051	-37.8042696010638	144.95241985784
4052	-37.8042466765947	144.952423951425
4053	-37.804224394939	144.952427871581
4054	-37.804202334724	144.952431811229
4055	-37.8041791272602	144.952435934559
4057	-37.804040322946	144.952460017085
4058	-37.8040168451065	144.952464245346
4059	-37.8039891102285	144.95246910299
4060	-37.803958766382	144.952474613319
4061	-37.803931729975	144.952479359848
4062	-37.8039084565202	144.952483415941
4063	-37.8038856390079	144.952487616658
4064	-37.803862192163	144.952491725118
4066	-37.8038112327885	144.952500786054
4067	-37.8037848949012	144.952505487577
4068	-37.8037592334965	144.952509993382
4069	-37.8037357974391	144.952514200072
4070	-37.8037128860437	144.952518292439
4071	-37.8036897028738	144.952522424575
4084	-37.8050203582241	144.950781348547
4085	-37.8049977487857	144.950785345152
4086	-37.8049752992741	144.95078932967
4087	-37.8049529157988	144.950793285913
4088	-37.8048136386609	144.950817900399
4090	-37.8047687467696	144.950825822246
4091	-37.804745654003	144.950829903737
4101	-37.8043115216118	144.950905814689
4104	-37.8042411819366	144.950918193258
4105	-37.8042178201337	144.950922423883
4106	-37.8041944141447	144.950926551426
4109	-37.8041251710236	144.950938608154
4110	-37.8041019908036	144.950942795432
4111	-37.8040789054159	144.950946983399
4112	-37.8040556654481	144.950951021835
4116	-37.8038199865448	144.950992776948
4117	-37.8037967924817	144.950996882824
4118	-37.8037734258926	144.951001081936
4119	-37.8037500501615	144.95100527683
4120	-37.803726604974	144.95100945355
4121	-37.8037033588425	144.951013677651
4122	-37.8036800419313	144.951017878795
4123	-37.8036571777849	144.951021910888
4125	-37.803610528992	144.951030105256
4126	-37.8035878701845	144.95103430187
4128	-37.803541544616	144.951042500137
4129	-37.8035188418094	144.951046546521
4130	-37.803496275234	144.951050595511
4131	-37.8034732653487	144.951054715571
4171	-37.8083636379284	144.959742165931
4172	-37.8083723740821	144.959712034819
4173	-37.8083810341453	144.959682169363
4174	-37.808389796672	144.959651919741
4176	-37.8084076866939	144.959590225733
4177	-37.8084169534048	144.959558218998
4178	-37.8084256814132	144.959528084058
4179	-37.8084343337624	144.959498215908
4180	-37.8084427544022	144.959469147502
4181	-37.8084514845602	144.959439013121
4182	-37.808488255541	144.959312397147
4183	-37.8084971697386	144.959281475535
4184	-37.8085065854304	144.959248937427
4185	-37.8085156943113	144.959217465873
4188	-37.8085414221891	144.959128399738
4189	-37.8085502357513	144.959097992495
4190	-37.8085588970645	144.959068118377
4192	-37.8085761418441	144.95900866681
4193	-37.8085846474775	144.958979336965
4195	-37.8086939303439	144.958602123822
4197	-37.8087107056544	144.958544169892
4198	-37.8087194133222	144.958514318013
4200	-37.8087366780796	144.958455166739
4201	-37.8087453869375	144.958425328551
4202	-37.8087538721779	144.958395692906
4204	-37.8087707248351	144.958337163082
4205	-37.8087795417706	144.958306755634
4206	-37.8087880494564	144.958277425573
4207	-37.8087964028326	144.958248628512
4208	-37.8088049114435	144.958219297327
4209	-37.8088135519966	144.958189688625
4212	-37.809396680065	144.957232495606
4214	-37.8093933845585	144.957203280955
4216	-37.8093900684372	144.957173891346
4220	-37.8093836462349	144.957116961287
4222	-37.8093803242125	144.957087511687
4224	-37.809377053738	144.957058528618
4228	-37.8093704367328	144.956999878536
4233	-37.8093573132446	144.956883552812
4234	-37.8093540512954	144.956854641102
4235	-37.8093508175429	144.956825979064
4236	-37.8093475219168	144.956796762763
4237	-37.8093442211298	144.95676751021
4238	-37.8093409212461	144.956738257116
4239	-37.8093376321752	144.956709108745
4240	-37.8093343552287	144.956680062308
4241	-37.8093310426135	144.956650701073
4242	-37.8093277933375	144.956621899214
4244	-37.8095328985147	144.955611589752
4245	-37.8095064540808	144.955616009563
4246	-37.8094814466938	144.955620105795
4247	-37.8094589409857	144.955623816976
4248	-37.8093877314502	144.955639945687
4249	-37.8093663833628	144.955643730363
4251	-37.8093285370915	144.955650513344
4252	-37.8093093371637	144.955654027082
4253	-37.8092895324736	144.955657550743
4254	-37.809269943078	144.955661106476
4256	-37.8092295962456	144.95566836398
4257	-37.8092097066609	144.955671914376
4258	-37.8091896357468	144.955675553002
4259	-37.8091676350601	144.955679534035
4260	-37.8095105922737	144.955762627452
4261	-37.8094902428342	144.955766373678
4262	-37.8094704399797	144.955770178453
4263	-37.8094758130685	144.955831967115
4265	-37.8094556167693	144.955835691889
4266	-37.8094292437793	144.955777797778
4267	-37.8094346173037	144.955839586988
4268	-37.8094083405279	144.955781777911
4269	-37.8093885861746	144.955785434163
4270	-37.8093681087718	144.955789352681
4271	-37.8093735803081	144.955851256577
4272	-37.8093461909772	144.955793358526
4273	-37.8093516960226	144.955855241986
4274	-37.8093259183127	144.955797283545
4275	-37.8093313702118	144.955859165913
4276	-37.8093052181257	144.955801062053
4277	-37.8093104950936	144.955862967117
4278	-37.8092850568377	144.95580487255
4279	-37.8092905573395	144.955866722691
4281	-37.8092707709074	144.955870457298
4282	-37.809244996628	144.955812361825
4283	-37.8092503849034	144.955874212682
4284	-37.8092250585829	144.955816169969
4285	-37.8092303743657	144.955878025907
4286	-37.8092048640847	144.955819910901
4287	-37.809209968604	144.955881794626
4288	-37.8091821437987	144.955824122037
4289	-37.8091875219287	144.955885949087
4290	-37.8094513120771	144.955977777271
4291	-37.8094322290066	144.955981234532
4292	-37.8094368311548	144.956043878084
4293	-37.8094129408253	144.955984688448
4294	-37.8094177613663	144.956047284686
4295	-37.8093928985384	144.955988424649
4296	-37.8093982540188	144.956050908598
4297	-37.8093723050635	144.955992302208
4298	-37.8093775744316	144.956054785782
4299	-37.8093509907118	144.955996153713
4300	-37.8093562086067	144.956058632283
4301	-37.8093302700963	144.956000019269
4302	-37.8093356516848	144.95606244658
4303	-37.8093100143545	144.9560037846
4304	-37.8093152047984	144.956066231868
4307	-37.8092704119896	144.956011080495
4308	-37.8092757883083	144.956073460196
4309	-37.8092503790405	144.956014759611
4310	-37.8092556580862	144.956077141436
4311	-37.8092299508968	144.956018533395
4312	-37.8092351900412	144.956080912323
4313	-37.8092076912099	144.956022555313
4314	-37.8092132891614	144.956084868282
4315	-37.8093920029898	144.956192062327
4317	-37.8093563427979	144.956262476207
4318	-37.8093519511639	144.956199763266
4320	-37.8093314443997	144.956203538963
4323	-37.8092967725311	144.956272888063
4324	-37.8092919356142	144.956211185317
4325	-37.8092768339134	144.956276395678
4326	-37.8092721164084	144.956214978846
4327	-37.8092556959051	144.95628008909
4328	-37.8092511376616	144.956218965989
4329	-37.8092340106536	144.956283910284
4330	-37.8092296867753	144.956223081322
4332	-37.8093099629308	144.956402679259
4334	-37.8092661813	144.956409936437
4335	-37.8092443064576	144.956413360621
4336	-37.8074141969672	144.958728236309
4337	-37.8074255284544	144.958689460683
4338	-37.8074364576793	144.95865173201
4339	-37.8074467091436	144.958616416914
4340	-37.807457039703	144.958581064418
4341	-37.8074673586204	144.958545716777
4342	-37.8074776837928	144.958510366682
4343	-37.8074880040396	144.958475018985
4344	-37.8074983122039	144.958439676722
4345	-37.8075106059377	144.958397698115
4346	-37.8075248306049	144.958348972788
4347	-37.8075398683832	144.958297560358
4348	-37.8079897149833	144.954233456926
4349	-37.8080281251508	144.954098218799
4350	-37.808045146387	144.954039594624
4354	-37.8084310108724	144.952701317519
4355	-37.8084494628881	144.952637331094
4356	-37.8084679148484	144.952573345206
4357	-37.8070702230026	144.953922867436
4359	-37.8070967147202	144.95386835555
4360	-37.807109881618	144.953841084366
4361	-37.8071231020012	144.95381396512
4362	-37.8071363032717	144.953786548856
4363	-37.8071496197904	144.953759237336
4364	-37.8071752402204	144.953707558696
4365	-37.8071881183529	144.953681545213
4366	-37.8072009955786	144.953655531708
4367	-37.8072138732388	144.953629518207
4368	-37.8072267504524	144.953603751699
4370	-37.8074137519613	144.953219458881
4372	-37.8074396252151	144.95316624247
4373	-37.8074530255738	144.953138680401
4374	-37.807466051779	144.953111955891
4376	-37.8075061919818	144.953029244566
4377	-37.807519164127	144.953002530821
4378	-37.8075321110126	144.952975867741
4379	-37.8075443378683	144.952950684586
4380	-37.8075560819274	144.952926496176
4382	-37.8075951325798	144.952846070594
4383	-37.8076073094197	144.952820993905
4384	-37.8076190664783	144.952796780118
4385	-37.8076308239822	144.952772566335
4386	-37.8076428838599	144.952747867299
4387	-37.8076546399823	144.952723517583
4388	-37.8076816414327	144.952667863984
4390	-37.8077052252753	144.952619337845
4394	-37.8077935072351	144.952437533505
4395	-37.807806599248	144.952410565701
4396	-37.8078196782468	144.952383630162
4397	-37.8078328925172	144.952356415989
4398	-37.8078463477777	144.952328705018
4399	-37.8078598721824	144.952300851282
4400	-37.807887745195	144.952243431216
4401	-37.8078996783201	144.952218865524
4402	-37.8079118059047	144.952194036207
4403	-37.8079243480772	144.952167912279
4404	-37.807937380447	144.95214133755
4405	-37.8079506056217	144.952113985707
4406	-37.8079636065983	144.952087206681
4421	-37.8036820082125	144.955248660678
4423	-37.8036746553196	144.955183777959
4424	-37.803671255555	144.955153780788
4426	-37.8036608605574	144.955061923769
4427	-37.8036574871447	144.955032098708
4428	-37.8036392676398	144.954872293885
4429	-37.8036357203698	144.954840990196
4431	-37.8036289515336	144.954781260978
4432	-37.803625359606	144.954749566661
4433	-37.8036215783598	144.954716280956
4434	-37.8036150997311	144.954654047725
4435	-37.8035982428229	144.954511096532
4436	-37.8035947066307	144.954479763913
4437	-37.8035875698314	144.954414311494
4438	-37.8035838094291	144.954380740555
4439	-37.8035799715488	144.954346584692
4440	-37.8032912270743	144.951759983919
4441	-37.8031841922083	144.95081336012
4442	-37.8031810184832	144.950785237462
4443	-37.8031777386714	144.950756005245
4444	-37.8031743329475	144.950725649266
4446	-37.8031427644999	144.950438635368
4449	-37.8031260151049	144.95028936539
4453	-37.8031118616877	144.950163270522
4454	-37.8031083551657	144.950131996338
4520	-37.8100746777674	144.961948304778
4549	-37.8233742023064	144.965702557944
4553	-37.8230628582137	144.965688718545
4559	-37.8302114209279	144.969364882652
4560	-37.830181064754	144.969230231049
4561	-37.830157948347	144.969339879924
4562	-37.8301254769101	144.969204457652
4563	-37.8301034683495	144.969314378909
4564	-37.830067730586	144.969177661299
4565	-37.8300489929095	144.969288885842
4566	-37.8300144564792	144.969153035426
4567	-37.8299953543411	144.969263789973
4568	-37.8299657800304	144.969130607836
4569	-37.8299413625641	144.969238500836
4570	-37.8298554242772	144.96907931991
4572	-37.8297989760775	144.969053064942
4573	-37.8296316908518	144.969098569306
4574	-37.8297404709266	144.969025927451
4575	-37.8295829064454	144.969076483047
4576	-37.829683325936	144.968999443119
4577	-37.829534075734	144.96905443418
4578	-37.8296269414982	144.968973419996
4579	-37.8295771453647	144.968950384495
4649	-37.8255569956887	144.966633784473
4650	-37.825484876938	144.966856788127
4651	-37.8254413305533	144.966867284675
4652	-37.8254563707936	144.966668338422
4653	-37.8253537486146	144.966698174947
4654	-37.8253291702625	144.966893898413
4655	-37.8253031900364	144.966712805581
4656	-37.8252774179688	144.966908311674
4657	-37.8252256403961	144.966922968166
4690	-37.8256730897352	144.962552240569
4692	-37.8256537438561	144.962575339471
4694	-37.8256343979623	144.962598438929
4696	-37.8256150520636	144.962621538375
4697	-37.825640540751	144.962395327996
4698	-37.8255957061598	144.962644638376
4699	-37.8256205344541	144.962418798996
4701	-37.8256005281521	144.96244227055
4703	-37.8255805223052	144.962465741524
4705	-37.8255605159832	144.96248921246
4710	-37.8254593080597	144.96280632956
4712	-37.8254397220797	144.962829306005
4714	-37.8254200243412	144.962852412139
4715	-37.8254404789328	144.962630039096
4716	-37.8254002245953	144.962875638678
4717	-37.8254204721344	144.962653510524
4719	-37.8253602241071	144.962922563467
4721	-37.8253405431288	144.962945649196
4723	-37.8253207610339	144.962968855355
4725	-37.8253011741184	144.962991831689
4727	-37.8252816225501	144.963014768472
4729	-37.8252618174629	144.963038075755
4731	-37.8252499585731	144.963060403526
4735	-37.8251629215121	144.963163415856
4739	-37.8250997186894	144.963238160389
4745	-37.8250312253065	144.963318214392
4746	-37.8249577562354	144.963395989727
4748	-37.8248352717644	144.963312439727
4749	-37.824918123825	144.96344247275
4750	-37.8248011262255	144.963352397089
4751	-37.8248982433548	144.963464888283
4752	-37.8247669855374	144.96339236898
4753	-37.8248865551242	144.963487855225
4757	-37.8228559794331	144.966662951255
4758	-37.8228258998453	144.966719956653
4759	-37.8227955069284	144.966785120867
4794	-37.8299723449573	144.970787615334
4795	-37.8299910660932	144.970722327241
4797	-37.830037679727	144.970562190024
4798	-37.8301148161966	144.970342780975
4799	-37.8301256696165	144.970305674329
4800	-37.8301355732354	144.970271811397
4801	-37.8301450856325	144.970239249324
4802	-37.8301547122791	144.970206362569
4803	-37.8301641835264	144.970173976012
4804	-37.830173899417	144.970140752186
4805	-37.830183725121	144.970107155511
4806	-37.8301884942284	144.970075964601
4807	-37.8302359081222	144.96993112924
4808	-37.830245537569	144.969898723507
4809	-37.8302502160142	144.96986798925
4811	-37.8302957644912	144.969683807133
4813	-37.8310601763004	144.967084408759
4814	-37.8310703426237	144.967049531087
4817	-37.8311027569864	144.966938401447
4818	-37.8311136803044	144.96690094365
4819	-37.8311241009031	144.966865216453
4820	-37.831134666507	144.966828989311
4821	-37.8311458237851	144.966790730851
4822	-37.8311560595271	144.966755625089
4823	-37.8311668156543	144.966718743342
4824	-37.831177394135	144.966682481719
4825	-37.8311834122374	144.966648575404
4826	-37.8312260388704	144.966517384471
4827	-37.8312365610805	144.966481520872
4828	-37.8312470172871	144.966445880068
4829	-37.8312575581827	144.966409951739
4830	-37.8312681947811	144.96637369525
4831	-37.8312788948245	144.966337225672
4832	-37.8312892616162	144.966301888947
4833	-37.8312998884099	144.966265666781
4834	-37.8313098807166	144.966231606627
4837	-37.8288373882535	144.97081057796
4838	-37.8287365561408	144.970731046958
4839	-37.8288492106727	144.970769815976
4840	-37.828747029073	144.970695254679
4841	-37.8288606157961	144.970730489606
4842	-37.8287572933376	144.970660218547
4843	-37.8288714944261	144.970692981891
4844	-37.8287680436037	144.97062368241
4845	-37.8288824338845	144.970655265714
4846	-37.8287788910427	144.970586824335
4847	-37.8288934166752	144.970617397797
4848	-37.828783499981	144.97055814106
4849	-37.8289049652706	144.97057758855
4850	-37.8288329148481	144.970400124152
4851	-37.828841978202	144.970368903732
4852	-37.8288523616401	144.970333154138
4853	-37.8288629271183	144.970296778059
4855	-37.828873524092	144.970260295442
4857	-37.8288838102151	144.970224888201
4861	-37.8289048214764	144.970152542025
4863	-37.8289152620456	144.970116686279
4865	-37.8289256198213	144.970081125354
4866	-37.8289365256152	144.970043663352
4867	-37.8289471942846	144.970006927037
4868	-37.8289572782971	144.969972372284
4869	-37.8289673053262	144.96993785828
4876	-37.8290648119919	144.969602852064
4877	-37.8290750297983	144.96956775385
4878	-37.8290847736102	144.969534277447
4879	-37.8290891468503	144.969506266999
4881	-37.8291362040137	144.969355888671
4883	-37.8291466757594	144.969319921636
4885	-37.8291578038341	144.969281698329
4887	-37.82916917566	144.969242638917
4889	-37.8291803666526	144.969204198558
4893	-37.8294674419162	144.968664599892
4895	-37.8294721499066	144.968634634633
4897	-37.829481318964	144.968603039303
4899	-37.8294904478433	144.968571570616
4901	-37.8294986726548	144.968543225087
4903	-37.8295069906045	144.968514558865
4905	-37.8295161238647	144.968483084355
4907	-37.8295249771529	144.968452567366
4909	-37.8295339388704	144.968421675864
4911	-37.8295430222238	144.968390365743
4913	-37.8295519184471	144.968359700987
4915	-37.8295609536743	144.968328553509
4917	-37.8295696721793	144.968298609976
4919	-37.8295787550961	144.968267198149
4921	-37.8295873986493	144.968237403226
4927	-37.8296270365529	144.968115175044
4929	-37.8296316496933	144.968084863222
4933	-37.8296593996115	144.967989210056
4937	-37.8296871286262	144.96789362954
4939	-37.8296964576751	144.967861473477
4944	-37.8297243770594	144.967765233201
4946	-37.8297335691089	144.967733547837
4948	-37.829742697798	144.967702081784
4956	-37.8298054618326	144.967485985549
4958	-37.8298147590298	144.967454026819
4960	-37.8298240825726	144.967421976463
4962	-37.8298334065373	144.967389924951
4964	-37.8298427305126	144.967357874567
4966	-37.8298528366332	144.967322897477
4968	-37.8298621169719	144.967290852251
4970	-37.829871638399	144.967257973823
4972	-37.8298811598068	144.96722509482
4974	-37.8298905161469	144.967192781616
4976	-37.8298997101023	144.967161033002
4978	-37.8299089040488	144.967129284379
4981	-37.8300629099861	144.966611292916
4982	-37.8300681775407	144.966576971679
4983	-37.8300786895129	144.966540644236
4985	-37.8300892244305	144.966504237187
4987	-37.8300996904268	144.966468066645
4989	-37.8301100761067	144.966432177232
4991	-37.8301205862608	144.966395851502
4993	-37.8301310897077	144.966359555488
4995	-37.8301415097347	144.96632354353
4997	-37.8301520398939	144.96628715189
4999	-37.8301626011043	144.966250654289
5001	-37.8301729020749	144.966215055735
5003	-37.8301833369466	144.966178992768
5005	-37.8301936425743	144.96614337816
5007	-37.8302045447207	144.96610570031
5009	-37.8302149344863	144.966069793073
5011	-37.8302255232635	144.966033199782
5013	-37.8302359989101	144.965996996461
5015	-37.8302463903357	144.9659610829
5017	-37.8302569105997	144.965924724947
5019	-37.8302675605642	144.965887920307
5021	-37.8302781173495	144.965851434645
5022	-37.8302882995962	144.965816247705
5023	-37.8302981194921	144.96578230859
5026	-37.8284747804917	144.96694059986
5028	-37.8284495925628	144.966808047371
5030	-37.8284245100659	144.96667604821
5031	-37.8284118109176	144.966609217066
5033	-37.8284602459014	144.966411258279
5034	-37.8283862547266	144.966474729258
5036	-37.828373767175	144.966408995095
5038	-37.8284418628139	144.966314053763
5039	-37.8283423706604	144.966242168389
5040	-37.828435639282	144.966281137868
5041	-37.8284294121576	144.966248214535
5042	-37.8284232575754	144.96621566316
5043	-37.8284169583608	144.966182355025
5046	-37.8251528849693	144.970365003181
5047	-37.8250559058916	144.970328666991
5048	-37.8251711554603	144.970301931926
5049	-37.8250635274385	144.970301403003
5050	-37.8251896364607	144.970238160024
5051	-37.8250715964634	144.97027343139
5052	-37.825208154817	144.970174692709
5053	-37.8250796822433	144.970245633464
5054	-37.825226873087	144.970110465489
5055	-37.8250878512976	144.970217980936
5056	-37.825245599878	144.970046247976
5057	-37.8250960289611	144.970189738037
5058	-37.825264318076	144.969982057896
5059	-37.825127831322	144.970079950727
5060	-37.8252830128771	144.969917949708
5061	-37.8251359501386	144.970052474364
5062	-37.8253016731691	144.96985395828
5063	-37.8251441830609	144.970024487762
5064	-37.8253202292222	144.969790327023
5065	-37.8251522415822	144.969996572141
5066	-37.8253388562129	144.969726805097
5067	-37.8251602660638	144.96996859355
5068	-37.8253574759816	144.969662594274
5069	-37.8251684308802	144.969940748372
5070	-37.825376444638	144.969598489633
5071	-37.8251765127519	144.969912839806
5072	-37.8251845873226	144.969885127035
5073	-37.8251926890853	144.969857526495
5074	-37.8252007938372	144.969829618442
5075	-37.8252089896071	144.969801664577
5076	-37.825217228332	144.969773706127
5077	-37.8252253057963	144.969745426857
5078	-37.8252334026592	144.969717939377
5079	-37.8252414624477	144.969689819102
5080	-37.8252497056391	144.969662354482
5081	-37.8252577505616	144.969634526805
5082	-37.825265851637	144.969606636713
5083	-37.8252745911701	144.969578884909
5084	-37.8254214780211	144.969076125321
5085	-37.8254315640033	144.969040546809
5086	-37.8254409297144	144.969008166433
5087	-37.8254491493775	144.968979862165
5088	-37.8254573294604	144.968952227307
5089	-37.8255549428029	144.968987581417
5090	-37.8254652793813	144.968924844988
5091	-37.8255723549009	144.96892777115
5092	-37.8254731386651	144.968897510753
5093	-37.8255909985233	144.968863733142
5094	-37.8254812395915	144.968870220047
5095	-37.8256096654503	144.968799612044
5096	-37.8254892375348	144.968842673928
5097	-37.8256282987602	144.968735607746
5098	-37.8254974184751	144.968815039041
5099	-37.8256468273942	144.968671963041
5100	-37.8255055249129	144.968787118968
5101	-37.8256654274529	144.968608429965
5102	-37.8255134892551	144.968759508707
5103	-37.8256840193793	144.968544209108
5104	-37.8255215748259	144.968732102291
5105	-37.8257015360953	144.968483030079
5106	-37.825529602558	144.96870453801
5107	-37.8255375924333	144.968677198262
5108	-37.8255456757615	144.968649670123
5109	-37.8255538054797	144.968621983934
5110	-37.8255617981548	144.968594133375
5111	-37.8255698776348	144.968567031263
5112	-37.8255778448025	144.968539347909
5113	-37.8255859349212	144.968511630197
5114	-37.8255938986296	144.968483957125
5115	-37.8256019887448	144.968457011899
5116	-37.8256099363252	144.968429396669
5117	-37.8256180795787	144.968401495684
5118	-37.8256266992083	144.968373983652
5119	-37.825842693426	144.96765519541
5120	-37.8258486077873	144.967629600375
5121	-37.825856016479	144.967604598811
5122	-37.8259509924894	144.967628610386
5123	-37.8258633370835	144.967579315478
5125	-37.8258707257629	144.967554311596
5126	-37.8259880250735	144.967501814044
5127	-37.8258780365956	144.967529060902
5128	-37.8260066266036	144.967437916768
5129	-37.8258852691315	144.967503826793
5130	-37.8260252510655	144.967373938734
5131	-37.8258926748191	144.967478835499
5132	-37.8260438295764	144.967310119876
5133	-37.8258999958464	144.967453552155
5134	-37.8260623909877	144.967246358212
5135	-37.8259073861818	144.967428541361
5136	-37.8260809422016	144.967182632043
5137	-37.8259147369989	144.967403102245
5138	-37.8260995563195	144.967119048435
5139	-37.8259220460755	144.967377641929
5140	-37.8261181197682	144.967054921347
5141	-37.8259294802242	144.967352587611
5142	-37.8261353546037	144.966996667523
5143	-37.8259368709875	144.967327392992
5144	-37.8259444255127	144.967301899458
5145	-37.8259517860527	144.967275963837
5146	-37.8259591078578	144.967250844215
5147	-37.8259665845549	144.967225195471
5148	-37.8259740607861	144.967199547291
5149	-37.8259813825744	144.967174427654
5150	-37.8259887048272	144.967149307457
5151	-37.8259961095647	144.967124145436
5152	-37.8260319564673	144.967000981601
5153	-37.8260393292567	144.966975161049
5154	-37.8260468602455	144.96694950597
5155	-37.8260543380595	144.966923663078
5156	-37.8260622437844	144.96689826739
5166	-37.8097237639844	144.970996383419
5167	-37.8105355881733	144.951907712034
5172	-37.8108419407786	144.951499997538
5176	-37.8104360564656	144.952602781732
5177	-37.8104447910806	144.952571641956
5178	-37.8104534738707	144.952540752853
5180	-37.8104708038455	144.952479055907
5181	-37.8105006285577	144.952372727465
5183	-37.8105161305447	144.952317483502
5184	-37.8105238815283	144.952289861512
5185	-37.8105316325051	144.952262239517
5202	-37.8107019564793	144.951655357228
5205	-37.8107265569101	144.951567961818
5206	-37.8107349148187	144.951537734269
5224	-37.8115433898531	144.952723743659
5225	-37.8115789184132	144.952598129428
5226	-37.811596248326	144.952536768805
5227	-37.8116334093393	144.952405576206
5228	-37.8116925121985	144.952196017416
5229	-37.8117112634254	144.952129693964
5230	-37.8117282031706	144.952069787443
5231	-37.8117916487203	144.951845186616
5232	-37.8118104147346	144.95177886826
5233	-37.8118291802603	144.951712613433
5234	-37.8118461110346	144.951652640993
5235	-37.811914426808	144.951412164685
5236	-37.8119439503616	144.951307607947
5237	-37.8119612396666	144.951246571218
5238	-37.8115251265316	144.953204390527
5239	-37.8115462749486	144.953129514419
5240	-37.8116308534121	144.952830575028
5245	-37.8117712224043	144.952334140259
5246	-37.8117893983526	144.952269969307
5247	-37.8118075738147	144.952205798374
5248	-37.811825749221	144.952141626806
5249	-37.8118439250516	144.95207745464
5250	-37.8118621004058	144.952013283024
5251	-37.8118787642059	144.951954458561
5252	-37.8119334870949	144.951759741797
5253	-37.8119677578877	144.951638904359
5254	-37.8120152442257	144.951471202974
5255	-37.8120341307061	144.951404135551
5256	-37.8120533053435	144.951336084266
5257	-37.8112484603859	144.953232495265
5258	-37.8112002959255	144.953210031749
5259	-37.8111487507974	144.953185991237
5260	-37.8111001638624	144.953163330427
5261	-37.8110304532502	144.953130812418
5262	-37.8109738410407	144.953104401105
5263	-37.810920607249	144.953079566796
5264	-37.8108669523368	144.953054535223
5265	-37.8108137180657	144.953029700994
5266	-37.8107452738912	144.952997773908
5267	-37.8106958504878	144.952974710349
5268	-37.8106451442384	144.952951057996
5269	-37.8105940236836	144.95292720945
5270	-37.811863168591	144.953518888422
5271	-37.8118125478028	144.95349529739
5272	-37.8117618461733	144.953471667716
5273	-37.8117111445199	144.953448039209
5274	-37.8116604405907	144.953424408537
5286	-37.8115717518269	144.950573685504
5300	-37.8282038424913	144.965081145961
5301	-37.8282101682638	144.965114514498
5302	-37.8282165395732	144.965147651908
5303	-37.8282226947556	144.965180939632
5304	-37.8282289684025	144.965207223541
5305	-37.8282557633992	144.965357638711
5306	-37.8282620605649	144.965384348955
5307	-37.8282861396514	144.965512025833
5308	-37.8282924640653	144.965539071808
5309	-37.829668452782	144.971035015364
5311	-37.8295603091707	144.97103506472
5312	-37.8295062785891	144.971035001869
5313	-37.8294522213866	144.971034884131
5314	-37.8293981638033	144.971034672627
5315	-37.8293436719966	144.971035065816
5316	-37.8292893936539	144.97103614796
5317	-37.8292353413528	144.971037307689
5318	-37.8291812872798	144.971038392475
5321	-37.8280526257626	144.971104062012
5322	-37.8279958304707	144.971109867022
5323	-37.8279392434277	144.971115696128
5324	-37.8278825118132	144.971121399079
5325	-37.8278260682587	144.971126899395
5326	-37.8277715127912	144.971131102753
5327	-37.827402655275	144.971150580958
5328	-37.8273524247944	144.971150740405
5329	-37.8273003631203	144.971151259677
5330	-37.8272493327664	144.971151763696
5331	-37.8271982608664	144.971151216501
5332	-37.8271465824066	144.971149186355
5333	-37.82709314774	144.971146927617
5336	-37.8267001053269	144.967673270819
5345	-37.8254312220652	144.960546946282
5346	-37.8253918205748	144.96059340884
5347	-37.825353797628	144.960638315494
5348	-37.8253176720879	144.960680724662
5349	-37.8251511707968	144.960876502529
5351	-37.82498280808	144.96107478377
5352	-37.8249460757166	144.961118019483
5353	-37.8249083236707	144.961162330183
5354	-37.8248698182552	144.961207679483
5355	-37.8248315124368	144.961252720009
5356	-37.8247933840999	144.961297474839
5357	-37.824542423654	144.961593061328
5358	-37.8245043307096	144.96163789795
5359	-37.8244658580146	144.961683242331
5360	-37.8241375935404	144.96206878558
5361	-37.8240982252531	144.962115017141
5362	-37.8240586458542	144.962161485412
5363	-37.8106831890497	144.972961470688
5364	-37.8106018432231	144.972952782945
5367	-37.8103788125147	144.972942173309
5368	-37.8103198198962	144.972940944179
5369	-37.8102611587755	144.972941810668
5370	-37.8101999023905	144.972945775539
5371	-37.8101391264934	144.972952621317
5372	-37.8100806437194	144.972959458947
5373	-37.8100258307842	144.972966327876
5374	-37.8099739177821	144.972973111044
5375	-37.8099196278774	144.972980123828
5376	-37.8098645831055	144.972987749897
5378	-37.8097178842878	144.973009593139
5383	-37.8101521982094	144.972711369128
5384	-37.810098725538	144.972719460773
5385	-37.810044721261	144.972727472872
5386	-37.8099912778027	144.97273559548
5600	-37.8094475221842	144.973927819379
5601	-37.8094549405866	144.973994165942
5604	-37.8094771012429	144.974194213368
5606	-37.809491444549	144.974322839703
5607	-37.8095064011665	144.974457824301
5850	-37.7983880915085	144.964619500983
5851	-37.7983913980568	144.964648372504
5852	-37.7983947456458	144.964679622142
5853	-37.7983982464037	144.964711240582
5854	-37.7984015079419	144.964742363108
5855	-37.7984047560059	144.96477329313
5856	-37.7984276008824	144.964987391501
5857	-37.7984112437269	144.964834153266
5858	-37.79841449252	144.964864543565
5859	-37.7984177796222	144.964895292909
5860	-37.7984243583687	144.964956282425
5861	-37.798408001447	144.964803532385
5862	-37.7984309778344	144.965018009117
5864	-37.7984410747821	144.965108949171
5865	-37.7984448787549	144.965142750674
5866	-37.7984486751085	144.96517647689
5867	-37.7984522400158	144.965209173461
5868	-37.7984588240208	144.965271186961
5869	-37.7984620609139	144.9653021218
5870	-37.7984652977206	144.965332877174
5871	-37.7984686076851	144.965363502329
5872	-37.7984751373938	144.965425590596
5873	-37.7984784296278	144.965456545858
5874	-37.7984816846785	144.965487686833
5875	-37.7984848064673	144.96551685132
5876	-37.7983015180893	144.964666899816
5877	-37.7983138475116	144.964789135181
5878	-37.7983241254349	144.964880788268
5879	-37.7983322344066	144.964953915928
5880	-37.7983669295669	144.965272832634
5881	-37.7983748455081	144.965345959182
5882	-37.7983854441993	144.965443835223
5883	-37.7983930370017	144.965513725385
5884	-37.7985176714065	144.964979720459
5886	-37.7985355162752	144.965142058334
5887	-37.7985461651046	144.965238135431
5888	-37.7985540839454	144.965310273244
5889	-37.7985650715263	144.965412104072
5890	-37.8028519401346	144.966843072211
5891	-37.8028552724198	144.966873382656
5892	-37.8028587218218	144.966904762037
5893	-37.8028621979776	144.966935924555
5894	-37.8028690318989	144.966998778348
5895	-37.8028724764796	144.967030038271
5896	-37.8028758755775	144.967060960194
5897	-37.8028792751374	144.967091878381
5898	-37.8028826601956	144.967122562158
5899	-37.8028862444344	144.967154794422
5900	-37.8028934166234	144.967220472959
5902	-37.8028967343403	144.967250777273
5903	-37.8029183591338	144.967447363027
5904	-37.8029217623924	144.967478390298
5905	-37.8029251464707	144.967509178655
5906	-37.8029285309817	144.967539967016
5907	-37.8029319983908	144.967571511779
5908	-37.802935640475	144.967604661128
5909	-37.8029428008793	144.967669923687
5910	-37.8029462414937	144.967701085174
5911	-37.8029113521242	144.967383700544
5912	-37.8029532884	144.967765192749
5913	-37.8027811983201	144.967085653669
5914	-37.8029474937505	144.966862308827
5915	-37.8027883533718	144.967150981256
5916	-37.8029549511018	144.966930944053
5917	-37.8027954891266	144.967216314509
5918	-37.8029643158924	144.967015734487
5919	-37.8028026254624	144.967281547555
5920	-37.8029715810608	144.967081654546
5921	-37.802816910343	144.967413353166
5922	-37.8029790181995	144.967149136568
5923	-37.8028244374073	144.967479209135
5924	-37.80303441013	144.967654395988
5925	-37.8028319358236	144.96754488511
5926	-37.8030423180398	144.967727689398
5927	-37.8028475371952	144.967684074127
5928	-37.8028550366462	144.967757052544
5929	-37.8029497093595	144.96773263336
5982	-37.80987251839	144.963140393885
5983	-37.8098916017944	144.963075173948
6005	-37.8199114831964	144.95154801431
6007	-37.8199471496126	144.951425671378
6008	-37.8199655989035	144.951361803434
6009	-37.8199841383127	144.951297711024
6010	-37.8200026815232	144.951233779476
6015	-37.8205372059084	144.949385920063
6016	-37.8205557704154	144.949321902037
6017	-37.8205735542235	144.949260602868
6018	-37.8211807924743	144.947161435789
6019	-37.8212013977591	144.947089794793
6020	-37.8212220720195	144.947018157002
6021	-37.8212427462549	144.946946550207
6022	-37.8212634199852	144.94687494394
6023	-37.821284094131	144.946803336513
6024	-37.8214674697042	144.946140769266
6025	-37.8214862127375	144.94605193586
6026	-37.821505943227	144.945952386573
6035	-37.8211529045004	144.943092328833
6036	-37.8211347906524	144.943016615177
6037	-37.8211191650746	144.942951350975
6038	-37.8211035287695	144.942886055158
6039	-37.821087906821	144.942820875108
6044	-37.8198090045865	144.951287981663
6045	-37.8198275153285	144.951223747605
6047	-37.8198628160094	144.951101251811
6049	-37.8210804200289	144.946891598079
6050	-37.8210968582213	144.946834664784
6051	-37.8211133445402	144.946777730897
6052	-37.8211413696138	144.946681013894
6053	-37.8212187965903	144.944109481473
6054	-37.8212041653576	144.944048606472
6055	-37.8211888186411	144.943984549551
6056	-37.8211731903863	144.943919313903
6057	-37.8211575612153	144.943854077136
6058	-37.821141931989	144.943788841545
6059	-37.8211263027472	144.943723604849
6060	-37.8211106734601	144.943658369316
6061	-37.8210950441376	144.943593133813
6063	-37.8210637848665	144.943462655538
6064	-37.821048650709	144.943399490996
6066	-37.8209561468884	144.943013397381
6067	-37.8209373578505	144.942934968744
6068	-37.8186648099881	144.948191197216
6069	-37.8186814048439	144.948133050896
6070	-37.8186984505235	144.948074416421
6073	-37.8187786737954	144.947798638235
6074	-37.8187954759263	144.947740711008
6075	-37.8188120644418	144.947682591593
6076	-37.8188757243509	144.947457700324
6077	-37.8188927968395	144.947399015045
6078	-37.8189106811825	144.947337625731
6079	-37.8189278436203	144.947279077503
6080	-37.8193974597872	144.945630104869
6081	-37.8194223522501	144.94554422786
6082	-37.8194416321258	144.94547769472
6083	-37.8194601012332	144.945413967955
6084	-37.8195786352285	144.945003689527
6085	-37.819596595749	144.944941702896
6086	-37.8199964628798	144.943559762149
6087	-37.8200216632003	144.943473219367
6088	-37.8200416804087	144.943404466561
6089	-37.8200603063091	144.943340493597
6090	-37.8200790099695	144.943276255451
6091	-37.8200973250467	144.943213348674
6092	-37.8201152524229	144.943151774998
6093	-37.8201390768569	144.943069948186
6101	-37.819219255632	144.945932891115
6102	-37.8192279688864	144.945902601698
6103	-37.8192372038767	144.945870587645
6104	-37.819246440981	144.945838554943
6105	-37.8192555952774	144.94580653889
6106	-37.8192649105258	144.945774544848
6107	-37.8192801772592	144.945721533291
6108	-37.8192888003783	144.945691708207
6109	-37.819298252293	144.945658933919
6110	-37.8193077106521	144.945626163765
6111	-37.8193171660816	144.945593388719
6112	-37.8193265815347	144.945560478417
6113	-37.8193427664493	144.945504824282
6114	-37.8193518827687	144.945473048891
6115	-37.8193610330877	144.945441327902
6116	-37.8194662214421	144.945077954628
6117	-37.8194753885784	144.945046121631
6118	-37.819484532803	144.945014504512
6119	-37.8194936825466	144.944982933771
6120	-37.8195028182319	144.944951343533
6121	-37.8195118846605	144.944920089991
6122	-37.8195280019168	144.944864549255
6123	-37.8195371775157	144.944832602833
6124	-37.8195463297627	144.944800991391
6125	-37.8195554794374	144.944769359315
6126	-37.8195646307662	144.94473774155
6127	-37.8195737808639	144.944706211392
6130	-37.8196648959643	144.944388300976
6131	-37.8196733379965	144.944359309391
6132	-37.8196817684759	144.944330353274
6133	-37.8196902032633	144.944301386882
6135	-37.8197737307148	144.944014505522
6136	-37.8197837915276	144.943979962032
6137	-37.8197938491774	144.943945416867
6138	-37.8198038975035	144.943910872274
6139	-37.819920121793	144.943503323647
6140	-37.8199281847088	144.943475598232
6141	-37.819936247598	144.943447873366
6142	-37.8199443118713	144.943420148507
6143	-37.8199523733861	144.943392422545
6145	-37.8199797028692	144.943298455383
6146	-37.8199877266122	144.943270862779
6147	-37.8199957899121	144.943243137328
6148	-37.8200038532053	144.943215411871
6149	-37.820011915601	144.943187686964
6150	-37.8200199788807	144.943159961508
6151	-37.820039230506	144.943093768997
6152	-37.8200472933127	144.943066044064
6153	-37.8200553533905	144.943038319113
6154	-37.8200634184554	144.943010593058
6155	-37.8200714812518	144.942982868121
6169	-37.8193704755044	144.945095440885
6170	-37.8193896390706	144.945029312131
6171	-37.8194078760681	144.944966370474
6172	-37.8194261134913	144.944903428799
6173	-37.8194461267839	144.944834344043
6174	-37.8194740256962	144.944738065267
6175	-37.8195952097638	144.944312380399
6176	-37.8196138518506	144.944248409816
6177	-37.8196324953717	144.94418446205
6178	-37.8196506150323	144.944122669841
6179	-37.8196689953097	144.944060165112
6180	-37.8196882099136	144.943994843724
6181	-37.8198565225123	144.943415642465
6182	-37.81987512934	144.94335166165
6183	-37.8198937365823	144.943287680816
6184	-37.8199123438087	144.943223699952
6185	-37.8199309505292	144.943159718464
6186	-37.8199495576642	144.943095737526
6188	-37.8201273772358	144.942487780507
6189	-37.8201459358494	144.942423739766
6190	-37.8201644144779	144.942359713459
6191	-37.8201829239634	144.942295704252
6192	-37.8202014706707	144.942231688046
6193	-37.8202215460637	144.942162331989
6194	-37.8207485101449	144.947264008205
6195	-37.8206795643909	144.947247557821
6196	-37.8205896448284	144.947222524588
6197	-37.820520599359	144.947205923834
6198	-37.8204307452787	144.947179376748
6199	-37.8203631735612	144.947160616082
6200	-37.8202732328972	144.947128937193
6201	-37.8202065197557	144.947105827604
6202	-37.8201189647961	144.947069456977
6203	-37.8200552171498	144.947043020461
6204	-37.8199660663834	144.94700239317
6205	-37.8199026215904	144.946976253642
6206	-37.8198129301224	144.946935238067
6207	-37.819748534918	144.946908807625
6208	-37.8148235873751	144.945331375444
6209	-37.8148038346608	144.945399943526
6210	-37.8147839684891	144.945468142177
6211	-37.820242274668	144.947316446908
6212	-37.8201539164336	144.947280659287
6213	-37.8200892803738	144.947256952756
6214	-37.8199990219553	144.947216109608
6215	-37.8199351671393	144.947190042579
6216	-37.819846088275	144.947148749904
6217	-37.8197825689164	144.947122646267
6218	-37.8196921649162	144.947081018409
6219	-37.8196289278457	144.94705455455
6220	-37.8195396001477	144.947013172812
6221	-37.8194760793711	144.946987257913
6222	-37.8181906777075	144.946459953119
6223	-37.8181375879731	144.946436556253
6224	-37.8169058226438	144.945892660782
6225	-37.8168498449412	144.945867944029
6226	-37.8167938676745	144.945843226769
6227	-37.8167378899528	144.945818509531
6228	-37.8166819126868	144.945793792342
6229	-37.8166259349559	144.945769075756
6230	-37.8165699584922	144.945744358626
6231	-37.8165139841768	144.945719636965
6232	-37.8159596142735	144.945475678297
6233	-37.8159029697849	144.94545066146
6234	-37.8158463248411	144.945425644661
6235	-37.8157896798828	144.94540062733
6236	-37.8157330349197	144.945375610036
6237	-37.8156763899618	144.945350593345
6238	-37.8155085894708	144.945276484051
6239	-37.8188221524091	144.946967244073
6240	-37.8219842433859	144.947784309401
6241	-37.8220384930103	144.947798150801
6242	-37.8221021054352	144.947811625005
6243	-37.8223416403647	144.946869916901
6244	-37.8223306665962	144.946786142474
6246	-37.8222546822899	144.946848500303
6247	-37.8222405656813	144.946761080466
6248	-37.8190996569175	144.947227042813
6249	-37.8191396082871	144.947277038535
6250	-37.8191837867361	144.947323948854
6251	-37.8192280280165	144.947370832639
6252	-37.8192722859481	144.94741784611
6253	-37.8193164573468	144.947464945309
6254	-37.8193605711944	144.947512039922
6255	-37.8194046876475	144.947559149059
6256	-37.819739471279	144.94791536302
6257	-37.8197827861094	144.947961456815
6258	-37.819826100923	144.948007550675
6259	-37.8198694152596	144.94805364401
6260	-37.8199127295793	144.94809973741
6261	-37.8199560438922	144.948145831431
6262	-37.8199993586387	144.948191701524
6263	-37.8189196878709	144.948401941255
6264	-37.8189759722187	144.948404184529
6265	-37.8190322564025	144.948406318121
6266	-37.8190885402345	144.948408468745
6267	-37.8191448211993	144.948410624493
6268	-37.8192011034855	144.948412900172
6269	-37.8192551369319	144.948415036508
6270	-37.8193114248518	144.948417139979
6271	-37.8193699607641	144.948419202597
6272	-37.8194262429445	144.948421327101
6273	-37.8194825242137	144.94842356924
6274	-37.8196908944391	144.948432455488
6275	-37.8197395371209	144.948434088402
6277	-37.8188007361515	144.948610701419
6278	-37.818861896151	144.948613033562
6279	-37.8189230570507	144.948615365732
6280	-37.8189842170491	144.948617697878
6281	-37.8190453779478	144.948620030051
6282	-37.8191065379452	144.948622362213
6283	-37.8191641341279	144.948624540277
6284	-37.8192181671791	144.948626658588
6285	-37.8192721987048	144.948628680841
6286	-37.8193262321614	144.948630694554
6287	-37.819380266058	144.948632788999
6288	-37.8194342980677	144.948634835125
6289	-37.8194883293055	144.948637048985
6290	-37.8199384344931	144.948654548858
6292	-37.8200537563283	144.948658859673
6293	-37.8201091388505	144.94866103035
6294	-37.8201645213077	144.948663220369
6295	-37.8195908978404	144.949171441206
6296	-37.8195692166421	144.949247325142
6297	-37.8195475558876	144.949323217072
6298	-37.8195258954837	144.949399113538
6302	-37.8190899247857	144.949314936654
6304	-37.8192190137046	144.949416713737
6305	-37.8195693474217	144.949693011512
6306	-37.8196140336934	144.949728242538
6307	-37.8197087532776	144.949802920252
6308	-37.8197561121528	144.949840259173
6309	-37.8198141660507	144.949885833992
6310	-37.8198758924145	144.949938942515
6312	-37.8203978369082	144.950346148166
6320	-37.8212710396274	144.951032633634
6321	-37.8213149142059	144.951067358151
6322	-37.8213637486619	144.951106009205
6323	-37.8214125835666	144.951144660865
6324	-37.8214602735215	144.951182406978
6325	-37.8185668653405	144.949707222129
6326	-37.8186802906899	144.949796245089
6327	-37.8187295675937	144.949835082378
6328	-37.8187948047274	144.949886191553
6329	-37.8188440172224	144.949924925659
6330	-37.8193841399607	144.950350342669
6332	-37.8194922914582	144.950436641583
6333	-37.8195417701924	144.950475742016
6334	-37.8196051893228	144.950525829395
6335	-37.8196527146928	144.950561961129
6350	-37.8214063700347	144.950478668238
6351	-37.8213753867201	144.950543169291
6352	-37.8213337956486	144.950626916493
6358	-37.8215687074295	144.950441312739
6359	-37.8216197427798	144.95048143786
6360	-37.8217970290326	144.950813958252
6361	-37.8217688127801	144.950927032154
6362	-37.8217202164178	144.951125926946
6372	-37.8204134675353	144.94404887653
6373	-37.8203624747225	144.944026271268
6374	-37.8203114782633	144.944003666629
6375	-37.8202604813498	144.943981062007
6376	-37.8202094306872	144.9439585265
6377	-37.8200963081703	144.943908867821
6378	-37.8194332306218	144.944416061329
6380	-37.8190849214816	144.944338902942
6381	-37.8190333309614	144.944315057471
6382	-37.8189817408775	144.94429122554
6383	-37.8203938341065	144.944485389748
6384	-37.8203394781456	144.944460409404
6385	-37.8202844656801	144.944436167112
6386	-37.8201266583491	144.944362971008
6387	-37.8200730505486	144.944337821232
6388	-37.8200185010147	144.944312846762
6389	-37.81996243487	144.944289
6390	-37.8203687306714	144.944574892443
6391	-37.8203136390571	144.944550767698
6393	-37.8201008437802	144.944451678445
6394	-37.8200440102197	144.944425999963
6395	-37.8206138061693	144.94546998173
6396	-37.8205532693053	144.945454000686
6398	-37.8204306971259	144.945422219026
6399	-37.8203694167242	144.945405946982
6400	-37.8203081927844	144.945389674406
6401	-37.8202469683823	144.945374797907
6403	-37.819730497345	144.945240452067
6404	-37.8196657590442	144.945224676459
6405	-37.8205976189838	144.945560420164
6406	-37.8205073770075	144.945538222751
6408	-37.820375133132	144.945503726313
6409	-37.8203090114258	144.945486477846
6410	-37.8199721883203	144.945397879138
6411	-37.8199168392084	144.945384239163
6412	-37.8198613724145	144.945369490594
6413	-37.8198059065098	144.945354742625
6414	-37.8197506325502	144.945339994109
6415	-37.8212228998624	144.945382640295
6416	-37.821167229671	144.945367804042
6417	-37.8211107804064	144.945352967834
6418	-37.8210543307095	144.945338131068
6419	-37.8209978809911	144.945324218748
6420	-37.8210956990382	144.945445864919
6421	-37.8210390173936	144.945430853884
6422	-37.8209831564256	144.945415847024
6423	-37.8210766782492	144.946243788539
6424	-37.8210232108805	144.946229536461
6425	-37.820968983844	144.946215284389
6426	-37.8209147572563	144.94620103235
6427	-37.8208605302265	144.94618770515
6428	-37.8205114041884	144.946094712661
6429	-37.8204510986859	144.946078480135
6430	-37.8203897398962	144.946062454143
6431	-37.8203283486603	144.946046428188
6432	-37.8202669574322	144.946030337803
6433	-37.8202055763224	144.946014427697
6434	-37.8201441672748	144.945999776906
6435	-37.8198585334706	144.945923682108
6436	-37.8198050357568	144.945909630849
6437	-37.8197510383749	144.945895608701
6438	-37.8196970365327	144.945881586016
6439	-37.8196430342485	144.94586756335
6442	-37.820534223785	144.943028393709
6443	-37.8204818032499	144.943004246707
6445	-37.8203236308073	144.942929427762
6453	-37.8199164007173	144.942768279125
6454	-37.8198638554147	144.942744749588
6455	-37.8196733784091	144.942656965409
6456	-37.819614355485	144.94263124467
6465	-37.8151080941709	144.937194780913
6466	-37.8151344966335	144.937127631853
6467	-37.8151605350658	144.937060474644
6468	-37.8151865725674	144.936993090688
6469	-37.815213074465	144.93692626687
6470	-37.8137853992378	144.940146897236
6471	-37.8138115378207	144.940078208149
6472	-37.8138375264633	144.940010022324
6474	-37.8142299669669	144.938832687642
6482	-37.8156401719458	144.936910080969
6483	-37.8155655741705	144.936865048531
6484	-37.8154857748891	144.936817118422
6485	-37.8155255583308	144.937581960396
6486	-37.815560654147	144.937489793237
6487	-37.81559577774	144.937397539796
6488	-37.815630804676	144.937305373047
6489	-37.8156659022659	144.937213212588
6490	-37.8157561563397	144.937727085716
6491	-37.8157914286975	144.937634776855
6492	-37.8158262678201	144.937542758396
6493	-37.8158615404778	144.937450449933
6495	-37.8158405634147	144.938054520411
6496	-37.8157674854022	144.938010224929
6517	-37.8128124225477	144.93655835966
6518	-37.8127604452992	144.936526891315
6519	-37.8127084684337	144.936495424123
6520	-37.812656493382	144.936463956406
6521	-37.8126097957168	144.936435684736
6522	-37.8122989839956	144.936248681165
6523	-37.812252448476	144.936221034075
6524	-37.8122972973296	144.936128212438
6525	-37.8122448488987	144.936096823663
6533	-37.8135580828739	144.939429360832
6534	-37.8135093819244	144.939399851227
6535	-37.8134606529363	144.939370279673
6536	-37.8133645499988	144.939311358885
6538	-37.8132659913774	144.939251777892
6541	-37.8135905022211	144.939329689686
6542	-37.8135401733425	144.939299142756
6543	-37.8134898448971	144.9392686326
6544	-37.8134395026589	144.939238162105
6545	-37.813391987573	144.939209455533
6554	-37.8122117389488	144.938493879126
6555	-37.8121649254436	144.938466093661
6556	-37.8121160084916	144.938437070806
6558	-37.8120203486796	144.938379609306
6568	-37.8130228489317	144.939333650394
6569	-37.8129974304535	144.939399069226
6570	-37.8127769940968	144.939982095303
6571	-37.812746169664	144.940065191893
6572	-37.8127184772563	144.940138261603
6573	-37.8126841771462	144.940229602758
6576	-37.8126022904222	144.940444600906
6578	-37.8125448057346	144.940594901012
6580	-37.8124899612028	144.940738595364
6581	-37.8124560083841	144.940828105688
6582	-37.8124309153845	144.940894228689
6583	-37.8123984601258	144.940980663869
6584	-37.8123733471784	144.941046568069
6585	-37.8133830934032	144.940833818371
6586	-37.813333393817	144.940801968157
6587	-37.8132804899344	144.940770117987
6588	-37.8132275855936	144.94073826785
6589	-37.813174681245	144.940706045852
6590	-37.8131219163742	144.94067381184
6591	-37.8130691566815	144.940641577293
6603	-37.8139057539539	144.94127258567
6604	-37.8146551685596	144.940256939858
6605	-37.8146206468528	144.940314827136
6606	-37.8145876936055	144.940374281314
6607	-37.8145563656294	144.940436114745
6608	-37.8145271436204	144.940497963014
6609	-37.8143822946283	144.940864125618
6610	-37.8143569246963	144.940930175906
6611	-37.8143324337741	144.94099267002
6612	-37.8141137171321	144.941568276503
6613	-37.814082256133	144.941651183029
6614	-37.814049946306	144.941735695662
6615	-37.81395574885	144.941983163329
6616	-37.8139273550837	144.942057516456
6617	-37.8140507824265	144.941560819556
6618	-37.8140245373395	144.941629475234
6619	-37.8139987559074	144.94169744221
6620	-37.8139736900762	144.941764056711
6621	-37.8139489603224	144.941829587415
6622	-37.8139242282394	144.941894676124
6623	-37.8138994826475	144.941959609888
6625	-37.8136058659902	144.941834392557
6626	-37.8136460649088	144.941896440746
6627	-37.8136862773512	144.941958450802
6629	-37.8136708250795	144.942058226699
6630	-37.8139161126845	144.942466930008
6631	-37.8139704091213	144.942550328764
6632	-37.8140246298342	144.942633925299
6633	-37.8139674149086	144.942414310816
6634	-37.8140220110445	144.942497602626
6635	-37.8140759161686	144.942581554234
6638	-37.8196299541519	144.943562887881
6639	-37.819580262592	144.943540106097
6640	-37.8194463080584	144.943478773117
6641	-37.8193942701046	144.943454898949
6642	-37.8193422321466	144.943431025393
6643	-37.8196312732326	144.94372543967
6644	-37.8195789827576	144.943701444176
6645	-37.8195266731347	144.943677453006
6646	-37.8194743979932	144.943653449348
6647	-37.8194221160523	144.943629462373
6648	-37.8193698357853	144.943605479654
6649	-37.8193175321188	144.943581494484
6650	-37.8150973371042	144.940341817995
6652	-37.8136138535573	144.942534403107
6655	-37.8197907026872	144.951351596251
6656	-37.819882105135	144.948652727827
6657	-37.8198279613976	144.948650638178
6659	-37.811950464847	144.951699856773
6660	-37.8196613934909	144.949765581365
6661	-37.8255073722559	144.966651623673
6662	-37.8254053280335	144.966683181101
6664	-37.8296408414005	144.968053179082
6665	-37.8296501143671	144.968021217181
6666	-37.8296685840769	144.967957551656
6667	-37.8296778293499	144.967925683657
6668	-37.8297150731785	144.967797305655
6669	-37.8255205033532	144.962536154345
6675	-37.8258278562377	144.962367444954
6676	-37.8257698186748	144.96243674305
6677	-37.8257504728106	144.96245984258
6678	-37.8257311269317	144.962482942099
6679	-37.825711781508	144.962506041605
6680	-37.8256924351884	144.962529140519
6695	-37.804704440449	144.957858718003
6699	-37.8086131983762	144.971777782977
6700	-37.8085662039952	144.971756240911
6701	-37.808521693038	144.971735837767
6702	-37.8084766275235	144.971715178956
6703	-37.8083003216605	144.971634151019
6706	-37.8104061281925	144.969800116436
6707	-37.8103506696516	144.969774482755
6708	-37.8164020328298	144.945670182332
6709	-37.8164580094162	144.945694910167
6710	-37.8143604445821	144.968690045511
6743	-37.80842098835	144.959890040425
6745	-37.8084820509411	144.959677007083
6746	-37.8085009607215	144.959611120031
6747	-37.8085200946524	144.959544637969
6748	-37.8085392892571	144.959477917177
6749	-37.8085584775537	144.959411194292
6750	-37.8085777019268	144.959344552192
6751	-37.8085968891204	144.959277756293
6753	-37.8213667747026	144.944742559935
6754	-37.8213541982889	144.944679501107
6755	-37.8213401634894	144.944617174274
6756	-37.8211244142876	144.944279667739
6757	-37.8210651457893	144.944251097727
6758	-37.8210053221827	144.944222567408
6759	-37.8209454917506	144.944194025678
6760	-37.8208856647171	144.944165483993
6761	-37.8208258288981	144.944137738989
6820	-37.7987573310836	144.957887700399
6821	-37.7987000992155	144.957893690085
6823	-37.7985852641387	144.95790739386
6824	-37.7985292254026	144.957913705082
6825	-37.7977644055934	144.958011659755
6826	-37.7977158016209	144.958016065308
6828	-37.7976193760981	144.958027974922
6829	-37.7972381271867	144.95807449916
6830	-37.797184066627	144.958080473333
6831	-37.7971298002031	144.958086895781
6832	-37.797076736332	144.958093307257
6833	-37.797022134157	144.958101108712
6834	-37.796967491446	144.958106545815
6835	-37.7969138022098	144.958113115153
6836	-37.7968606347639	144.958119765458
6837	-37.7968107746075	144.95812601735
6838	-37.7967601919101	144.95813214056
6839	-37.7967089281662	144.958138266849
6840	-37.7966585165091	144.958144570901
6841	-37.7966081043907	144.958150797767
6842	-37.7965577345475	144.958157105641
6844	-37.796457802994	144.958169633928
6845	-37.7964074546044	144.958175843361
6846	-37.79635653115	144.958182076067
6847	-37.7963061845697	144.958188592049
6848	-37.7962557278338	144.958194829096
6849	-37.7962057737686	144.958200911694
6850	-37.7961549667504	144.958207352963
6854	-37.7958280016844	144.958250510072
6855	-37.7957770616452	144.958254650771
6856	-37.7957199368676	144.958259687471
6859	-37.7953677063282	144.958304089048
6860	-37.7953107547231	144.958310419973
6861	-37.7952529220655	144.958318364454
6862	-37.7951975469076	144.95832357185
6863	-37.7951378654974	144.958330642186
6864	-37.7950810000889	144.958338291202
6865	-37.7950235558824	144.958345376506
6866	-37.7949655090893	144.958352620688
6867	-37.7949085973455	144.958360327735
6868	-37.794767017444	144.958380141057
6869	-37.7947111211993	144.958385219225
6870	-37.7946551197587	144.958391154773
6871	-37.7945980139526	144.958399094803
6872	-37.7945394796198	144.958405752514
6873	-37.7944845795257	144.958412069614
6874	-37.7944268848221	144.958419116836
6875	-37.794370911765	144.958426116486
6876	-37.7943164860795	144.958430978085
6877	-37.7964288717056	144.964588072516
6878	-37.7963735366128	144.964597452727
6879	-37.7963184307881	144.964606947964
6882	-37.7961499704638	144.964635785722
6883	-37.79609380731	144.964645280345
6884	-37.7960376441447	144.964654774965
6885	-37.7959810074492	144.964664486045
6886	-37.7959238239608	144.964674294436
6887	-37.7958675307669	144.96468402967
6888	-37.7958112380119	144.964693743593
6889	-37.7957545916718	144.964703417255
6890	-37.7956972697191	144.964713184291
6892	-37.7955835080551	144.964732305876
6893	-37.7954191694768	144.964760594115
6894	-37.7953633746217	144.964770130163
6895	-37.7953075564042	144.964779666219
6896	-37.7952507299842	144.964789336713
6897	-37.7951935080067	144.964799001101
6898	-37.7951369937754	144.964808472026
6899	-37.7950811871678	144.964817849915
6900	-37.7950249645209	144.964827288176
6901	-37.7949680423341	144.964836858312
6902	-37.7949113088612	144.964846337461
6903	-37.7948554375097	144.964855697756
6904	-37.7947995476209	144.964864598006
6905	-37.7946277396621	144.964882398731
6906	-37.7945695473976	144.96488490609
6907	-37.7945105879319	144.964885447022
6908	-37.7944516138026	144.964884581194
6909	-37.7943960903472	144.964882728054
6910	-37.8145906211361	144.969349648779
6919	-37.8220423828688	144.96323764239
6920	-37.8219999640245	144.963187325449
6921	-37.8219562515103	144.963141326842
6922	-37.8219088546103	144.963099291848
6923	-37.8133088544587	144.968456793461
7049	-37.8195052925545	144.949472257684
7052	-37.8057043250628	144.959511217438
7057	-37.8049440298031	144.95916129134
7059	-37.8048425093489	144.959114400878
7060	-37.804791726564	144.959091047018
7062	-37.8046311038253	144.959017296204
